,Slice,x-grid,y-grid,Poren,num Black pixels
0,396,0,0,0,38
1,396,0,1,0,22
2,396,1,0,0,2
3,396,1,1,0,4
4,397,0,0,0,30
5,397,0,1,0,13
6,397,1,0,1,81
7,397,1,1,1,365
8,398,0,0,1,56
9,398,0,1,0,2
10,398,1,0,1,217
11,398,1,1,1,575
12,399,0,0,1,247
13,399,0,1,0,35
14,399,1,0,1,133
15,399,1,1,1,359
16,400,0,0,1,116
17,400,0,1,1,90
18,400,1,0,0,27
19,400,1,1,1,160
20,401,0,0,0,7
21,401,0,1,1,112
22,401,1,0,0,31
23,401,1,1,1,88
24,402,0,0,0,3
25,402,0,1,1,92
26,402,1,0,1,209
27,402,1,1,1,78
28,403,0,0,1,68
29,403,0,1,1,55
30,403,1,0,0,37
31,403,1,1,1,102
32,404,0,0,1,421
33,404,0,1,0,8
34,404,1,0,0,3
35,404,1,1,1,82
36,405,0,0,1,436
37,405,0,1,0,5
38,405,1,0,1,88
39,405,1,1,1,113
40,406,0,0,1,98
41,406,0,1,0,8
42,406,1,0,1,331
43,406,1,1,0,24
44,407,0,0,0,5
45,407,0,1,1,104
46,407,1,0,1,232
47,407,1,1,0,39
48,408,0,0,0,2
49,408,0,1,1,118
50,408,1,0,0,22
51,408,1,1,0,2
52,409,0,0,0,3
53,409,0,1,0,36
54,409,1,0,0,3
55,409,1,1,0,2
56,410,0,0,0,29
57,410,0,1,0,11
58,410,1,0,1,147
59,410,1,1,1,41
60,411,0,0,1,70
61,411,0,1,0,1
62,411,1,0,1,101
63,411,1,1,1,67
64,412,0,0,1,53
65,412,0,1,0,7
66,412,1,0,0,20
67,412,1,1,0,8
68,413,0,0,0,8
69,413,0,1,0,11
70,413,1,0,1,94
71,413,1,1,0,1
72,414,0,0,0,0
73,414,0,1,0,1
74,414,1,0,1,96
75,414,1,1,0,40
76,415,0,0,0,8
77,415,0,1,0,25
78,415,1,0,0,1
79,415,1,1,0,31
80,416,0,0,0,0
81,416,0,1,1,214
82,416,1,0,0,5
83,416,1,1,0,2
84,417,0,0,0,33
85,417,0,1,1,615
86,417,1,0,1,54
87,417,1,1,0,6
88,418,0,0,1,128
89,418,0,1,1,322
90,418,1,0,1,63
91,418,1,1,1,60
92,419,0,0,1,137
93,419,0,1,0,27
94,419,1,0,1,70
95,419,1,1,1,190
96,420,0,0,1,107
97,420,0,1,1,64
98,420,1,0,1,107
99,420,1,1,1,295
100,421,0,0,1,65
101,421,0,1,0,15
102,421,1,0,1,216
103,421,1,1,1,127
104,422,0,0,0,3
105,422,0,1,1,46
106,422,1,0,1,57
107,422,1,1,0,2
108,423,0,0,0,6
109,423,0,1,0,5
110,423,1,0,0,21
111,423,1,1,0,3
112,424,0,0,0,1
113,424,0,1,0,16
114,424,1,0,1,52
115,424,1,1,0,12
116,425,0,0,0,2
117,425,0,1,1,49
118,425,1,0,1,103
119,425,1,1,0,22
120,426,0,0,1,113
121,426,0,1,0,15
122,426,1,0,1,60
123,426,1,1,0,18
124,427,0,0,1,422
125,427,0,1,0,0
126,427,1,0,1,114
127,427,1,1,0,1
128,428,0,0,1,292
129,428,0,1,0,5
130,428,1,0,1,89
131,428,1,1,0,2
132,429,0,0,1,197
133,429,0,1,0,1
134,429,1,0,0,26
135,429,1,1,0,2
136,430,0,0,1,124
137,430,0,1,1,71
138,430,1,0,0,1
139,430,1,1,1,92
140,431,0,0,0,4
141,431,0,1,1,186
142,431,1,0,0,0
143,431,1,1,1,185
144,432,0,0,0,2
145,432,0,1,1,290
146,432,1,0,0,0
147,432,1,1,1,56
148,433,0,0,0,18
149,433,0,1,1,152
150,433,1,0,0,9
151,433,1,1,0,7
152,434,0,0,0,20
153,434,0,1,1,41
154,434,1,0,0,0
155,434,1,1,0,0
156,435,0,0,0,0
157,435,0,1,0,0
158,435,1,0,0,0
159,435,1,1,0,16
160,436,0,0,0,3
161,436,0,1,0,0
162,436,1,0,0,12
163,436,1,1,0,3
164,437,0,0,0,1
165,437,0,1,0,0
166,437,1,0,0,12
167,437,1,1,1,99
168,438,0,0,0,2
169,438,0,1,0,6
170,438,1,0,0,9
171,438,1,1,0,5
172,439,0,0,0,0
173,439,0,1,0,7
174,439,1,0,0,6
175,439,1,1,0,19
176,440,0,0,1,52
177,440,0,1,0,21
178,440,1,0,0,7
179,440,1,1,0,7
180,441,0,0,1,49
181,441,0,1,1,215
182,441,1,0,0,3
183,441,1,1,0,0
184,442,0,0,0,18
185,442,0,1,1,426
186,442,1,0,0,30
187,442,1,1,1,48
188,443,0,0,1,49
189,443,0,1,1,372
190,443,1,0,0,11
191,443,1,1,0,14
192,444,0,0,0,3
193,444,0,1,1,193
194,444,1,0,0,16
195,444,1,1,1,68
196,445,0,0,0,40
197,445,0,1,1,85
198,445,1,0,1,51
199,445,1,1,1,100
200,446,0,0,0,28
201,446,0,1,0,18
202,446,1,0,0,20
203,446,1,1,0,3
204,447,0,0,0,6
205,447,0,1,0,16
206,447,1,0,0,2
207,447,1,1,1,41
208,448,0,0,0,0
209,448,0,1,0,1
210,448,1,0,0,0
211,448,1,1,0,34
212,449,0,0,0,0
213,449,0,1,0,1
214,449,1,0,0,10
215,449,1,1,0,15
216,450,0,0,0,1
217,450,0,1,0,0
218,450,1,0,0,5
219,450,1,1,0,22
220,451,0,0,0,16
221,451,0,1,0,0
222,451,1,0,0,1
223,451,1,1,0,1
224,452,0,0,0,9
225,452,0,1,0,4
226,452,1,0,1,112
227,452,1,1,0,0
228,453,0,0,0,3
229,453,0,1,0,9
230,453,1,0,1,137
231,453,1,1,0,1
232,454,0,0,0,12
233,454,0,1,1,43
234,454,1,0,0,11
235,454,1,1,0,1
236,455,0,0,0,20
237,455,0,1,0,4
238,455,1,0,0,0
239,455,1,1,0,0
240,456,0,0,0,7
241,456,0,1,0,3
242,456,1,0,0,1
243,456,1,1,0,5
244,457,0,0,0,11
245,457,0,1,1,127
246,457,1,0,0,1
247,457,1,1,0,12
248,458,0,0,0,0
249,458,0,1,0,14
250,458,1,0,0,21
251,458,1,1,1,59
252,459,0,0,1,47
253,459,0,1,0,0
254,459,1,0,0,0
255,459,1,1,1,108
256,460,0,0,0,23
257,460,0,1,0,0
258,460,1,0,0,20
259,460,1,1,1,134
260,461,0,0,1,103
261,461,0,1,0,1
262,461,1,0,0,37
263,461,1,1,0,9
264,462,0,0,1,107
265,462,0,1,0,0
266,462,1,0,1,85
267,462,1,1,0,1
268,463,0,0,0,29
269,463,0,1,0,3
270,463,1,0,1,241
271,463,1,1,0,0
272,464,0,0,0,23
273,464,0,1,0,8
274,464,1,0,1,302
275,464,1,1,0,0
276,465,0,0,0,4
277,465,0,1,0,2
278,465,1,0,0,2
279,465,1,1,0,9
280,466,0,0,0,0
281,466,0,1,0,0
282,466,1,0,0,4
283,466,1,1,0,0
284,467,0,0,0,5
285,467,0,1,0,10
286,467,1,0,1,127
287,467,1,1,0,24
288,468,0,0,0,4
289,468,0,1,1,143
290,468,1,0,1,282
291,468,1,1,1,51
292,469,0,0,0,3
293,469,0,1,1,196
294,469,1,0,1,354
295,469,1,1,1,89
296,470,0,0,0,3
297,470,0,1,1,52
298,470,1,0,1,103
299,470,1,1,0,0
300,471,0,0,0,37
301,471,0,1,0,23
302,471,1,0,1,49
303,471,1,1,0,0
304,472,0,0,0,4
305,472,0,1,0,0
306,472,1,0,0,4
307,472,1,1,0,0
308,473,0,0,1,76
309,473,0,1,1,111
310,473,1,0,0,0
311,473,1,1,0,10
312,474,0,0,0,37
313,474,0,1,1,149
314,474,1,0,0,0
315,474,1,1,0,40
316,475,0,0,0,0
317,475,0,1,1,84
318,475,1,0,0,31
319,475,1,1,0,6
320,476,0,0,1,159
321,476,0,1,0,33
322,476,1,0,1,400
323,476,1,1,0,6
324,477,0,0,1,118
325,477,0,1,1,71
326,477,1,0,1,146
327,477,1,1,1,260
328,478,0,0,0,12
329,478,0,1,1,125
330,478,1,0,1,150
331,478,1,1,1,150
332,479,0,0,0,1
333,479,0,1,1,139
334,479,1,0,1,133
335,479,1,1,1,77
336,480,0,0,0,17
337,480,0,1,0,7
338,480,1,0,0,14
339,480,1,1,0,17
340,481,0,0,0,18
341,481,0,1,0,6
342,481,1,0,0,6
343,481,1,1,0,0
344,482,0,0,1,45
345,482,0,1,0,6
346,482,1,0,0,7
347,482,1,1,0,0
348,483,0,0,0,6
349,483,0,1,0,0
350,483,1,0,0,0
351,483,1,1,1,62
352,484,0,0,0,32
353,484,0,1,0,0
354,484,1,0,1,269
355,484,1,1,1,262
356,485,0,0,0,3
357,485,0,1,0,4
358,485,1,0,1,228
359,485,1,1,1,64
360,486,0,0,0,1
361,486,0,1,0,1
362,486,1,0,0,24
363,486,1,1,1,120
364,487,0,0,0,0
365,487,0,1,0,24
366,487,1,0,0,0
367,487,1,1,1,156
368,488,0,0,0,15
369,488,0,1,0,0
370,488,1,0,0,0
371,488,1,1,0,12
372,489,0,0,0,24
373,489,0,1,0,14
374,489,1,0,0,11
375,489,1,1,0,0
376,490,0,0,0,13
377,490,0,1,0,24
378,490,1,0,1,69
379,490,1,1,0,0
380,491,0,0,1,221
381,491,0,1,0,1
382,491,1,0,1,41
383,491,1,1,1,45
384,492,0,0,1,340
385,492,0,1,0,4
386,492,1,0,1,180
387,492,1,1,1,174
388,493,0,0,1,65
389,493,0,1,0,0
390,493,1,0,1,65
391,493,1,1,1,64
392,494,0,0,0,3
393,494,0,1,0,1
394,494,1,0,1,41
395,494,1,1,0,3
396,495,0,0,0,3
397,495,0,1,0,4
398,495,1,0,1,55
399,495,1,1,0,0
400,496,0,0,0,0
401,496,0,1,0,35
402,496,1,0,0,13
403,496,1,1,0,1
404,497,0,0,0,0
405,497,0,1,0,11
406,497,1,0,0,5
407,497,1,1,0,1
408,498,0,0,0,5
409,498,0,1,0,0
410,498,1,0,0,9
411,498,1,1,0,23
412,499,0,0,0,0
413,499,0,1,0,9
414,499,1,0,0,15
415,499,1,1,0,7
416,500,0,0,0,18
417,500,0,1,0,6
418,500,1,0,0,0
419,500,1,1,1,58
420,501,0,0,0,0
421,501,0,1,1,67
422,501,1,0,0,2
423,501,1,1,0,0
424,502,0,0,0,1
425,502,0,1,1,131
426,502,1,0,0,18
427,502,1,1,0,21
428,503,0,0,0,0
429,503,0,1,0,5
430,503,1,0,1,157
431,503,1,1,1,131
432,504,0,0,0,1
433,504,0,1,0,0
434,504,1,0,0,1
435,504,1,1,1,117
436,505,0,0,0,1
437,505,0,1,0,9
438,505,1,0,0,22
439,505,1,1,0,33
440,506,0,0,0,2
441,506,0,1,0,0
442,506,1,0,0,5
443,506,1,1,0,10
444,507,0,0,0,0
445,507,0,1,0,3
446,507,1,0,0,0
447,507,1,1,0,3
448,508,0,0,0,0
449,508,0,1,0,25
450,508,1,0,0,0
451,508,1,1,0,11
452,509,0,0,0,0
453,509,0,1,0,4
454,509,1,0,0,6
455,509,1,1,0,9
456,510,0,0,0,2
457,510,0,1,0,6
458,510,1,0,0,1
459,510,1,1,0,34
460,511,0,0,0,0
461,511,0,1,0,3
462,511,1,0,0,15
463,511,1,1,0,0
464,512,0,0,0,0
465,512,0,1,0,1
466,512,1,0,0,3
467,512,1,1,0,0
468,513,0,0,0,1
469,513,0,1,1,63
470,513,1,0,0,0
471,513,1,1,1,44
472,514,0,0,1,72
473,514,0,1,0,37
474,514,1,0,0,0
475,514,1,1,0,0
476,515,0,0,1,95
477,515,0,1,0,0
478,515,1,0,0,21
479,515,1,1,0,0
480,516,0,0,0,0
481,516,0,1,0,1
482,516,1,0,0,0
483,516,1,1,0,0
484,517,0,0,0,0
485,517,0,1,0,12
486,517,1,0,0,24
487,517,1,1,0,0
488,518,0,0,0,26
489,518,0,1,0,5
490,518,1,0,0,1
491,518,1,1,0,0
492,519,0,0,0,1
493,519,0,1,0,34
494,519,1,0,0,0
495,519,1,1,0,0
496,520,0,0,0,0
497,520,0,1,0,4
498,520,1,0,0,0
499,520,1,1,0,20
500,521,0,0,0,0
501,521,0,1,0,0
502,521,1,0,0,0
503,521,1,1,0,0
504,522,0,0,0,3
505,522,0,1,0,0
506,522,1,0,0,5
507,522,1,1,0,0
508,523,0,0,0,0
509,523,0,1,0,0
510,523,1,0,0,3
511,523,1,1,0,0
512,524,0,0,0,37
513,524,0,1,0,0
514,524,1,0,0,19
515,524,1,1,0,0
516,525,0,0,0,34
517,525,0,1,0,0
518,525,1,0,0,0
519,525,1,1,0,0
520,526,0,0,0,0
521,526,0,1,1,50
522,526,1,0,0,23
523,526,1,1,0,0
524,527,0,0,0,0
525,527,0,1,0,20
526,527,1,0,1,86
527,527,1,1,0,0
528,528,0,0,0,1
529,528,0,1,0,18
530,528,1,0,1,88
531,528,1,1,1,308
532,529,0,0,0,0
533,529,0,1,0,0
534,529,1,0,0,2
535,529,1,1,0,40
536,530,0,0,1,41
537,530,0,1,0,0
538,530,1,0,0,1
539,530,1,1,0,20
540,531,0,0,0,22
541,531,0,1,0,0
542,531,1,0,0,11
543,531,1,1,0,7
544,532,0,0,0,35
545,532,0,1,0,0
546,532,1,0,0,0
547,532,1,1,0,14
548,533,0,0,0,11
549,533,0,1,0,0
550,533,1,0,0,7
551,533,1,1,0,0
552,534,0,0,0,0
553,534,0,1,0,0
554,534,1,0,0,12
555,534,1,1,0,0
556,535,0,0,0,0
557,535,0,1,0,0
558,535,1,0,0,1
559,535,1,1,0,0
560,536,0,0,0,0
561,536,0,1,0,0
562,536,1,0,0,0
563,536,1,1,0,0
564,537,0,0,0,1
565,537,0,1,0,0
566,537,1,0,0,1
567,537,1,1,0,0
568,538,0,0,0,9
569,538,0,1,0,0
570,538,1,0,0,1
571,538,1,1,0,0
572,539,0,0,0,1
573,539,0,1,1,66
574,539,1,0,0,16
575,539,1,1,0,23
576,540,0,0,0,0
577,540,0,1,1,82
578,540,1,0,0,0
579,540,1,1,0,0
580,541,0,0,0,25
581,541,0,1,0,3
582,541,1,0,0,0
583,541,1,1,0,0
584,542,0,0,0,0
585,542,0,1,0,1
586,542,1,0,0,0
587,542,1,1,0,0
588,543,0,0,0,0
589,543,0,1,0,0
590,543,1,0,0,0
591,543,1,1,0,2
592,544,0,0,0,0
593,544,0,1,0,0
594,544,1,0,1,65
595,544,1,1,0,1
596,545,0,0,0,7
597,545,0,1,0,1
598,545,1,0,0,0
599,545,1,1,0,0
600,546,0,0,0,1
601,546,0,1,0,9
602,546,1,0,0,0
603,546,1,1,0,0
604,547,0,0,0,0
605,547,0,1,0,24
606,547,1,0,0,1
607,547,1,1,0,3
608,548,0,0,0,3
609,548,0,1,0,20
610,548,1,0,0,1
611,548,1,1,0,0
612,549,0,0,0,0
613,549,0,1,0,4
614,549,1,0,0,0
615,549,1,1,0,2
616,550,0,0,0,0
617,550,0,1,0,0
618,550,1,0,0,3
619,550,1,1,0,0
620,551,0,0,0,0
621,551,0,1,0,0
622,551,1,0,0,1
623,551,1,1,0,0
624,552,0,0,0,0
625,552,0,1,0,0
626,552,1,0,0,0
627,552,1,1,0,11
628,553,0,0,0,0
629,553,0,1,0,0
630,553,1,0,0,0
631,553,1,1,0,0
632,554,0,0,0,4
633,554,0,1,0,0
634,554,1,0,0,0
635,554,1,1,0,0
636,555,0,0,0,16
637,555,0,1,0,0
638,555,1,0,0,0
639,555,1,1,0,0
640,556,0,0,0,1
641,556,0,1,0,2
642,556,1,0,0,13
643,556,1,1,0,3
644,557,0,0,0,3
645,557,0,1,0,0
646,557,1,0,0,25
647,557,1,1,0,2
648,558,0,0,1,134
649,558,0,1,0,0
650,558,1,0,0,38
651,558,1,1,0,0
652,559,0,0,0,24
653,559,0,1,0,0
654,559,1,0,0,0
655,559,1,1,0,0
656,560,0,0,0,2
657,560,0,1,0,0
658,560,1,0,0,2
659,560,1,1,0,0
660,561,0,0,0,0
661,561,0,1,0,0
662,561,1,0,0,0
663,561,1,1,0,5
664,562,0,0,0,0
665,562,0,1,0,0
666,562,1,0,0,18
667,562,1,1,0,0
668,563,0,0,0,3
669,563,0,1,0,17
670,563,1,0,0,30
671,563,1,1,0,9
672,564,0,0,0,4
673,564,0,1,0,4
674,564,1,0,0,20
675,564,1,1,0,4
676,565,0,0,0,0
677,565,0,1,0,0
678,565,1,0,0,0
679,565,1,1,0,0
680,566,0,0,0,2
681,566,0,1,1,49
682,566,1,0,0,3
683,566,1,1,0,0
684,567,0,0,0,3
685,567,0,1,0,28
686,567,1,0,0,0
687,567,1,1,0,0
688,568,0,0,0,6
689,568,0,1,0,0
690,568,1,0,0,0
691,568,1,1,0,0
692,569,0,0,0,0
693,569,0,1,0,0
694,569,1,0,0,10
695,569,1,1,0,0
696,570,0,0,0,1
697,570,0,1,0,0
698,570,1,0,0,0
699,570,1,1,1,192
700,571,0,0,0,1
701,571,0,1,0,5
702,571,1,0,0,0
703,571,1,1,1,128
704,572,0,0,0,9
705,572,0,1,0,0
706,572,1,0,0,2
707,572,1,1,0,19
708,573,0,0,0,8
709,573,0,1,0,2
710,573,1,0,0,3
711,573,1,1,1,84
712,574,0,0,0,3
713,574,0,1,0,0
714,574,1,0,0,0
715,574,1,1,1,88
716,575,0,0,0,6
717,575,0,1,0,14
718,575,1,0,0,0
719,575,1,1,0,0
720,576,0,0,0,0
721,576,0,1,0,11
722,576,1,0,0,0
723,576,1,1,0,2
724,577,0,0,0,0
725,577,0,1,0,5
726,577,1,0,0,0
727,577,1,1,0,0
728,578,0,0,0,0
729,578,0,1,0,0
730,578,1,0,0,4
731,578,1,1,0,0
732,579,0,0,0,16
733,579,0,1,0,1
734,579,1,0,0,0
735,579,1,1,0,0
736,580,0,0,0,36
737,580,0,1,0,0
738,580,1,0,0,2
739,580,1,1,0,24
740,581,0,0,0,13
741,581,0,1,0,0
742,581,1,0,0,6
743,581,1,1,0,0
744,582,0,0,1,63
745,582,0,1,0,3
746,582,1,0,0,0
747,582,1,1,0,0
748,583,0,0,0,19
749,583,0,1,0,26
750,583,1,0,0,3
751,583,1,1,1,111
752,584,0,0,0,9
753,584,0,1,0,6
754,584,1,0,0,0
755,584,1,1,1,256
756,585,0,0,0,2
757,585,0,1,0,0
758,585,1,0,0,3
759,585,1,1,1,74
760,586,0,0,0,0
761,586,0,1,0,0
762,586,1,0,0,0
763,586,1,1,0,10
764,587,0,0,0,0
765,587,0,1,0,0
766,587,1,0,0,5
767,587,1,1,0,4
768,588,0,0,0,0
769,588,0,1,0,4
770,588,1,0,0,8
771,588,1,1,0,0
772,589,0,0,0,36
773,589,0,1,0,0
774,589,1,0,0,0
775,589,1,1,0,14
776,590,0,0,0,3
777,590,0,1,0,0
778,590,1,0,0,0
779,590,1,1,1,171
780,591,0,0,0,0
781,591,0,1,0,1
782,591,1,0,0,0
783,591,1,1,0,31
784,592,0,0,0,3
785,592,0,1,0,28
786,592,1,0,0,0
787,592,1,1,0,0
788,593,0,0,0,0
789,593,0,1,0,2
790,593,1,0,0,0
791,593,1,1,0,0
792,594,0,0,0,0
793,594,0,1,0,4
794,594,1,0,0,4
795,594,1,1,0,0
796,595,0,0,0,22
797,595,0,1,0,13
798,595,1,0,0,0
799,595,1,1,0,8
800,596,0,0,0,35
801,596,0,1,0,29
802,596,1,0,0,12
803,596,1,1,0,19
804,597,0,0,0,27
805,597,0,1,1,207
806,597,1,0,0,22
807,597,1,1,0,0
808,598,0,0,0,5
809,598,0,1,1,250
810,598,1,0,1,154
811,598,1,1,0,15
812,599,0,0,1,99
813,599,0,1,1,183
814,599,1,0,1,46
815,599,1,1,0,2
816,600,0,0,1,119
817,600,0,1,1,141
818,600,1,0,0,0
819,600,1,1,0,0
820,601,0,0,1,54
821,601,0,1,1,122
822,601,1,0,0,0
823,601,1,1,0,12
824,602,0,0,0,10
825,602,0,1,1,120
826,602,1,0,0,0
827,602,1,1,1,68
828,603,0,0,0,0
829,603,0,1,0,6
830,603,1,0,0,1
831,603,1,1,0,28
832,604,0,0,0,16
833,604,0,1,0,0
834,604,1,0,0,0
835,604,1,1,1,64
836,605,0,0,0,7
837,605,0,1,0,0
838,605,1,0,0,0
839,605,1,1,0,15
840,606,0,0,0,28
841,606,0,1,0,0
842,606,1,0,0,0
843,606,1,1,0,9
844,607,0,0,0,0
845,607,0,1,0,0
846,607,1,0,0,0
847,607,1,1,0,11
848,608,0,0,0,0
849,608,0,1,0,1
850,608,1,0,0,0
851,608,1,1,0,1
852,609,0,0,0,2
853,609,0,1,0,0
854,609,1,0,0,0
855,609,1,1,0,0
856,610,0,0,0,5
857,610,0,1,0,0
858,610,1,0,0,0
859,610,1,1,0,0
860,611,0,0,0,7
861,611,0,1,0,8
862,611,1,0,0,0
863,611,1,1,0,0
864,612,0,0,0,6
865,612,0,1,0,0
866,612,1,0,0,0
867,612,1,1,0,13
868,613,0,0,0,23
869,613,0,1,0,13
870,613,1,0,0,0
871,613,1,1,0,1
872,614,0,0,0,17
873,614,0,1,0,21
874,614,1,0,0,6
875,614,1,1,0,3
876,615,0,0,0,3
877,615,0,1,0,0
878,615,1,0,0,0
879,615,1,1,0,0
880,616,0,0,0,1
881,616,0,1,0,26
882,616,1,0,0,0
883,616,1,1,0,10
884,617,0,0,0,0
885,617,0,1,0,0
886,617,1,0,0,0
887,617,1,1,0,1
888,618,0,0,0,0
889,618,0,1,0,0
890,618,1,0,0,0
891,618,1,1,0,9
892,619,0,0,0,0
893,619,0,1,0,0
894,619,1,0,0,0
895,619,1,1,0,40
896,620,0,0,0,0
897,620,0,1,0,0
898,620,1,0,0,0
899,620,1,1,1,41
900,621,0,0,0,0
901,621,0,1,0,0
902,621,1,0,0,0
903,621,1,1,0,0
904,622,0,0,0,0
905,622,0,1,0,0
906,622,1,0,0,12
907,622,1,1,0,16
908,623,0,0,0,4
909,623,0,1,0,0
910,623,1,0,0,0
911,623,1,1,0,0
912,624,0,0,0,20
913,624,0,1,0,0
914,624,1,0,0,19
915,624,1,1,0,0
916,625,0,0,0,4
917,625,0,1,0,0
918,625,1,0,0,0
919,625,1,1,0,0
920,626,0,0,0,7
921,626,0,1,0,0
922,626,1,0,0,11
923,626,1,1,0,2
924,627,0,0,0,3
925,627,0,1,0,0
926,627,1,0,0,1
927,627,1,1,0,4
928,628,0,0,0,3
929,628,0,1,0,2
930,628,1,0,0,0
931,628,1,1,0,0
932,629,0,0,0,13
933,629,0,1,0,0
934,629,1,0,0,0
935,629,1,1,0,0
936,630,0,0,0,2
937,630,0,1,0,0
938,630,1,0,0,0
939,630,1,1,0,0
940,631,0,0,0,33
941,631,0,1,0,4
942,631,1,0,0,0
943,631,1,1,0,0
944,632,0,0,0,2
945,632,0,1,0,4
946,632,1,0,0,18
947,632,1,1,0,0
948,633,0,0,0,0
949,633,0,1,0,2
950,633,1,0,0,2
951,633,1,1,0,0
952,634,0,0,1,42
953,634,0,1,0,0
954,634,1,0,0,0
955,634,1,1,0,0
956,635,0,0,0,0
957,635,0,1,0,0
958,635,1,0,0,1
959,635,1,1,0,0
960,636,0,0,0,0
961,636,0,1,0,8
962,636,1,0,0,0
963,636,1,1,0,0
964,637,0,0,0,3
965,637,0,1,0,0
966,637,1,0,0,0
967,637,1,1,0,0
968,638,0,0,0,0
969,638,0,1,0,0
970,638,1,0,0,4
971,638,1,1,0,1
972,639,0,0,0,2
973,639,0,1,0,0
974,639,1,0,1,54
975,639,1,1,1,49
976,640,0,0,0,1
977,640,0,1,0,5
978,640,1,0,0,33
979,640,1,1,0,16
980,641,0,0,0,0
981,641,0,1,0,2
982,641,1,0,0,7
983,641,1,1,0,18
984,642,0,0,0,12
985,642,0,1,0,14
986,642,1,0,0,0
987,642,1,1,0,0
988,643,0,0,0,24
989,643,0,1,0,0
990,643,1,0,0,7
991,643,1,1,0,12
992,644,0,0,0,2
993,644,0,1,0,2
994,644,1,0,0,0
995,644,1,1,0,0
996,645,0,0,0,0
997,645,0,1,0,0
998,645,1,0,0,0
999,645,1,1,0,15
1000,646,0,0,0,0
1001,646,0,1,0,0
1002,646,1,0,0,5
1003,646,1,1,0,16
1004,647,0,0,0,0
1005,647,0,1,0,7
1006,647,1,0,0,0
1007,647,1,1,0,0
1008,648,0,0,0,0
1009,648,0,1,0,14
1010,648,1,0,0,1
1011,648,1,1,0,0
1012,649,0,0,0,0
1013,649,0,1,0,0
1014,649,1,0,0,0
1015,649,1,1,0,2
1016,650,0,0,0,0
1017,650,0,1,0,0
1018,650,1,0,0,0
1019,650,1,1,0,0
1020,651,0,0,0,0
1021,651,0,1,0,0
1022,651,1,0,0,0
1023,651,1,1,0,0
1024,652,0,0,0,0
1025,652,0,1,0,0
1026,652,1,0,0,0
1027,652,1,1,0,0
1028,653,0,0,0,8
1029,653,0,1,0,0
1030,653,1,0,0,1
1031,653,1,1,0,0
1032,654,0,0,0,3
1033,654,0,1,0,2
1034,654,1,0,0,0
1035,654,1,1,0,5
1036,655,0,0,0,2
1037,655,0,1,0,0
1038,655,1,0,0,0
1039,655,1,1,1,124
1040,656,0,0,0,0
1041,656,0,1,0,3
1042,656,1,0,0,0
1043,656,1,1,1,513
1044,657,0,0,0,2
1045,657,0,1,0,0
1046,657,1,0,0,0
1047,657,1,1,1,127
1048,658,0,0,0,1
1049,658,0,1,0,0
1050,658,1,0,0,0
1051,658,1,1,0,0
1052,659,0,0,0,2
1053,659,0,1,0,0
1054,659,1,0,0,5
1055,659,1,1,0,14
1056,660,0,0,0,1
1057,660,0,1,0,0
1058,660,1,0,0,0
1059,660,1,1,0,0
1060,661,0,0,0,0
1061,661,0,1,1,58
1062,661,1,0,0,0
1063,661,1,1,0,0
1064,662,0,0,0,0
1065,662,0,1,0,39
1066,662,1,0,0,4
1067,662,1,1,0,7
1068,663,0,0,0,0
1069,663,0,1,0,23
1070,663,1,0,1,48
1071,663,1,1,1,42
1072,664,0,0,0,0
1073,664,0,1,0,4
1074,664,1,0,0,0
1075,664,1,1,0,0
1076,665,0,0,0,2
1077,665,0,1,0,25
1078,665,1,0,0,1
1079,665,1,1,0,0
1080,666,0,0,0,0
1081,666,0,1,0,6
1082,666,1,0,0,0
1083,666,1,1,0,0
1084,667,0,0,0,26
1085,667,0,1,0,32
1086,667,1,0,0,0
1087,667,1,1,0,0
1088,668,0,0,1,56
1089,668,0,1,0,33
1090,668,1,0,0,5
1091,668,1,1,0,0
1092,669,0,0,1,55
1093,669,0,1,0,0
1094,669,1,0,0,31
1095,669,1,1,0,0
1096,670,0,0,0,34
1097,670,0,1,0,0
1098,670,1,0,0,0
1099,670,1,1,0,0
1100,671,0,0,0,18
1101,671,0,1,0,5
1102,671,1,0,0,7
1103,671,1,1,0,0
1104,672,0,0,0,14
1105,672,0,1,0,0
1106,672,1,0,0,0
1107,672,1,1,0,2
1108,673,0,0,0,13
1109,673,0,1,0,0
1110,673,1,0,0,0
1111,673,1,1,0,28
1112,674,0,0,0,11
1113,674,0,1,0,1
1114,674,1,0,0,0
1115,674,1,1,1,79
1116,675,0,0,0,11
1117,675,0,1,0,9
1118,675,1,0,0,4
1119,675,1,1,0,7
1120,676,0,0,0,21
1121,676,0,1,0,0
1122,676,1,0,0,1
1123,676,1,1,0,0
1124,677,0,0,0,17
1125,677,0,1,0,8
1126,677,1,0,0,12
1127,677,1,1,0,2
1128,678,0,0,0,9
1129,678,0,1,0,4
1130,678,1,0,0,7
1131,678,1,1,0,7
1132,679,0,0,0,5
1133,679,0,1,0,38
1134,679,1,0,0,2
1135,679,1,1,0,15
1136,680,0,0,0,6
1137,680,0,1,0,23
1138,680,1,0,0,0
1139,680,1,1,1,116
1140,681,0,0,0,4
1141,681,0,1,0,0
1142,681,1,0,0,0
1143,681,1,1,1,83
1144,682,0,0,0,1
1145,682,0,1,0,1
1146,682,1,0,0,1
1147,682,1,1,0,8
1148,683,0,0,0,3
1149,683,0,1,0,0
1150,683,1,0,0,23
1151,683,1,1,0,1
1152,684,0,0,0,7
1153,684,0,1,0,0
1154,684,1,0,0,24
1155,684,1,1,0,10
1156,685,0,0,0,3
1157,685,0,1,0,5
1158,685,1,0,0,17
1159,685,1,1,1,43
1160,686,0,0,0,3
1161,686,0,1,0,3
1162,686,1,0,0,0
1163,686,1,1,0,0
1164,687,0,0,0,0
1165,687,0,1,0,2
1166,687,1,0,0,1
1167,687,1,1,0,10
1168,688,0,0,0,14
1169,688,0,1,0,0
1170,688,1,0,0,0
1171,688,1,1,0,0
1172,689,0,0,0,4
1173,689,0,1,0,2
1174,689,1,0,0,0
1175,689,1,1,0,4
1176,690,0,0,0,0
1177,690,0,1,0,16
1178,690,1,0,0,0
1179,690,1,1,0,0
1180,691,0,0,0,3
1181,691,0,1,0,0
1182,691,1,0,1,66
1183,691,1,1,0,0
1184,692,0,0,0,4
1185,692,0,1,0,1
1186,692,1,0,0,0
1187,692,1,1,0,0
1188,693,0,0,0,18
1189,693,0,1,0,0
1190,693,1,0,0,3
1191,693,1,1,0,0
1192,694,0,0,0,3
1193,694,0,1,0,0
1194,694,1,0,0,0
1195,694,1,1,0,1
1196,695,0,0,0,14
1197,695,0,1,1,57
1198,695,1,0,0,3
1199,695,1,1,0,0
1200,696,0,0,0,10
1201,696,0,1,0,24
1202,696,1,0,0,4
1203,696,1,1,0,13
1204,697,0,0,0,4
1205,697,0,1,1,115
1206,697,1,0,0,2
1207,697,1,1,0,0
1208,698,0,0,0,20
1209,698,0,1,1,63
1210,698,1,0,0,0
1211,698,1,1,0,3
1212,699,0,0,0,2
1213,699,0,1,0,19
1214,699,1,0,0,0
1215,699,1,1,0,0
1216,700,0,0,0,5
1217,700,0,1,0,0
1218,700,1,0,0,29
1219,700,1,1,0,25
1220,701,0,0,0,1
1221,701,0,1,0,0
1222,701,1,0,0,13
1223,701,1,1,0,0
1224,702,0,0,0,0
1225,702,0,1,0,0
1226,702,1,0,0,2
1227,702,1,1,0,2
1228,703,0,0,0,1
1229,703,0,1,0,1
1230,703,1,0,0,0
1231,703,1,1,0,0
1232,704,0,0,0,1
1233,704,0,1,0,9
1234,704,1,0,0,0
1235,704,1,1,0,1
1236,705,0,0,0,8
1237,705,0,1,0,11
1238,705,1,0,0,0
1239,705,1,1,0,0
1240,706,0,0,0,0
1241,706,0,1,0,3
1242,706,1,0,0,0
1243,706,1,1,0,21
1244,707,0,0,0,2
1245,707,0,1,0,1
1246,707,1,0,0,10
1247,707,1,1,0,0
1248,708,0,0,0,0
1249,708,0,1,0,0
1250,708,1,0,0,5
1251,708,1,1,0,0
1252,709,0,0,0,5
1253,709,0,1,0,0
1254,709,1,0,0,2
1255,709,1,1,0,0
1256,710,0,0,0,2
1257,710,0,1,0,0
1258,710,1,0,0,0
1259,710,1,1,0,13
1260,711,0,0,0,6
1261,711,0,1,0,0
1262,711,1,0,0,0
1263,711,1,1,0,31
1264,712,0,0,0,2
1265,712,0,1,0,2
1266,712,1,0,0,1
1267,712,1,1,0,0
1268,713,0,0,0,1
1269,713,0,1,0,0
1270,713,1,0,0,2
1271,713,1,1,0,0
1272,714,0,0,0,0
1273,714,0,1,0,8
1274,714,1,0,0,7
1275,714,1,1,0,0
1276,715,0,0,0,1
1277,715,0,1,0,0
1278,715,1,0,0,9
1279,715,1,1,0,0
1280,716,0,0,0,1
1281,716,0,1,0,2
1282,716,1,0,0,0
1283,716,1,1,0,0
1284,717,0,0,0,1
1285,717,0,1,0,0
1286,717,1,0,0,22
1287,717,1,1,0,0
1288,718,0,0,1,192
1289,718,0,1,0,1
1290,718,1,0,0,1
1291,718,1,1,0,0
1292,719,0,0,1,79
1293,719,0,1,0,1
1294,719,1,0,0,0
1295,719,1,1,0,0
1296,720,0,0,0,11
1297,720,0,1,0,16
1298,720,1,0,0,0
1299,720,1,1,0,4
1300,721,0,0,0,0
1301,721,0,1,1,71
1302,721,1,0,0,0
1303,721,1,1,0,27
1304,722,0,0,0,0
1305,722,0,1,0,4
1306,722,1,0,0,0
1307,722,1,1,0,27
1308,723,0,0,0,3
1309,723,0,1,0,0
1310,723,1,0,0,0
1311,723,1,1,0,1
1312,724,0,0,0,1
1313,724,0,1,0,0
1314,724,1,0,0,0
1315,724,1,1,0,0
1316,725,0,0,0,1
1317,725,0,1,0,0
1318,725,1,0,0,0
1319,725,1,1,0,0
1320,726,0,0,0,23
1321,726,0,1,0,0
1322,726,1,0,0,0
1323,726,1,1,0,0
1324,727,0,0,1,166
1325,727,0,1,0,2
1326,727,1,0,0,0
1327,727,1,1,0,0
1328,728,0,0,0,6
1329,728,0,1,0,26
1330,728,1,0,0,7
1331,728,1,1,0,6
1332,729,0,0,0,0
1333,729,0,1,0,0
1334,729,1,0,0,2
1335,729,1,1,1,88
1336,730,0,0,0,3
1337,730,0,1,0,0
1338,730,1,0,0,0
1339,730,1,1,0,17
1340,731,0,0,0,4
1341,731,0,1,0,0
1342,731,1,0,0,0
1343,731,1,1,0,0
1344,732,0,0,0,1
1345,732,0,1,0,0
1346,732,1,0,0,4
1347,732,1,1,0,0
1348,733,0,0,0,2
1349,733,0,1,0,7
1350,733,1,0,0,11
1351,733,1,1,0,0
1352,734,0,0,0,3
1353,734,0,1,0,0
1354,734,1,0,0,0
1355,734,1,1,0,24
1356,735,0,0,0,5
1357,735,0,1,0,8
1358,735,1,0,0,17
1359,735,1,1,0,0
1360,736,0,0,0,0
1361,736,0,1,0,3
1362,736,1,0,0,0
1363,736,1,1,0,0
1364,737,0,0,0,0
1365,737,0,1,0,17
1366,737,1,0,0,0
1367,737,1,1,0,0
1368,738,0,0,0,0
1369,738,0,1,0,0
1370,738,1,0,0,0
1371,738,1,1,0,0
1372,739,0,0,0,3
1373,739,0,1,1,104
1374,739,1,0,0,0
1375,739,1,1,1,63
1376,740,0,0,0,1
1377,740,0,1,1,59
1378,740,1,0,0,0
1379,740,1,1,1,66
1380,741,0,0,0,1
1381,741,0,1,1,58
1382,741,1,0,0,0
1383,741,1,1,1,153
1384,742,0,0,0,0
1385,742,0,1,1,110
1386,742,1,0,0,4
1387,742,1,1,1,178
1388,743,0,0,0,0
1389,743,0,1,1,350
1390,743,1,0,0,6
1391,743,1,1,1,184
1392,744,0,0,0,5
1393,744,0,1,1,314
1394,744,1,0,1,123
1395,744,1,1,1,334
1396,745,0,0,0,11
1397,745,0,1,1,114
1398,745,1,0,1,116
1399,745,1,1,1,332
1400,746,0,0,0,14
1401,746,0,1,0,3
1402,746,1,0,1,190
1403,746,1,1,1,76
1404,747,0,0,0,0
1405,747,0,1,0,0
1406,747,1,0,0,0
1407,747,1,1,0,0
1408,748,0,0,0,1
1409,748,0,1,0,8
1410,748,1,0,0,0
1411,748,1,1,0,0
1412,749,0,0,0,1
1413,749,0,1,0,4
1414,749,1,0,0,0
1415,749,1,1,0,0
1416,750,0,0,0,0
1417,750,0,1,0,0
1418,750,1,0,0,8
1419,750,1,1,0,0
1420,751,0,0,0,0
1421,751,0,1,0,9
1422,751,1,0,0,0
1423,751,1,1,0,0
1424,752,0,0,0,7
1425,752,0,1,0,0
1426,752,1,0,0,0
1427,752,1,1,0,0
1428,753,0,0,0,0
1429,753,0,1,0,0
1430,753,1,0,0,0
1431,753,1,1,0,0
1432,754,0,0,0,0
1433,754,0,1,0,32
1434,754,1,0,0,4
1435,754,1,1,0,22
1436,755,0,0,0,0
1437,755,0,1,0,0
1438,755,1,0,0,0
1439,755,1,1,0,24
1440,756,0,0,0,3
1441,756,0,1,0,1
1442,756,1,0,0,0
1443,756,1,1,0,14
1444,757,0,0,0,0
1445,757,0,1,0,0
1446,757,1,0,1,168
1447,757,1,1,0,0
1448,758,0,0,0,0
1449,758,0,1,0,0
1450,758,1,0,1,164
1451,758,1,1,0,0
1452,759,0,0,0,0
1453,759,0,1,0,0
1454,759,1,0,1,164
1455,759,1,1,0,21
1456,760,0,0,0,0
1457,760,0,1,0,0
1458,760,1,0,0,7
1459,760,1,1,0,0
1460,761,0,0,0,0
1461,761,0,1,0,22
1462,761,1,0,0,0
1463,761,1,1,0,4
1464,762,0,0,0,2
1465,762,0,1,0,0
1466,762,1,0,0,0
1467,762,1,1,0,4
1468,763,0,0,0,5
1469,763,0,1,0,7
1470,763,1,0,0,0
1471,763,1,1,0,0
1472,764,0,0,0,12
1473,764,0,1,0,0
1474,764,1,0,0,0
1475,764,1,1,0,0
1476,765,0,0,0,4
1477,765,0,1,0,1
1478,765,1,0,0,0
1479,765,1,1,0,0
1480,766,0,0,0,12
1481,766,0,1,0,24
1482,766,1,0,0,8
1483,766,1,1,1,85
1484,767,0,0,0,18
1485,767,0,1,1,67
1486,767,1,0,0,0
1487,767,1,1,0,7
1488,768,0,0,0,12
1489,768,0,1,0,11
1490,768,1,0,0,4
1491,768,1,1,0,0
1492,769,0,0,0,3
1493,769,0,1,0,7
1494,769,1,0,0,0
1495,769,1,1,1,56
1496,770,0,0,0,1
1497,770,0,1,0,0
1498,770,1,0,0,3
1499,770,1,1,1,48
1500,771,0,0,0,30
1501,771,0,1,0,0
1502,771,1,0,0,3
1503,771,1,1,0,5
1504,772,0,0,0,0
1505,772,0,1,0,1
1506,772,1,0,0,21
1507,772,1,1,1,53
1508,773,0,0,0,18
1509,773,0,1,0,3
1510,773,1,0,1,57
1511,773,1,1,1,102
1512,774,0,0,0,3
1513,774,0,1,0,21
1514,774,1,0,0,1
1515,774,1,1,0,7
1516,775,0,0,0,7
1517,775,0,1,0,17
1518,775,1,0,0,0
1519,775,1,1,0,30
1520,776,0,0,0,0
1521,776,0,1,0,0
1522,776,1,0,0,0
1523,776,1,1,0,2
1524,777,0,0,0,0
1525,777,0,1,0,0
1526,777,1,0,0,4
1527,777,1,1,0,3
1528,778,0,0,0,0
1529,778,0,1,0,0
1530,778,1,0,0,2
1531,778,1,1,0,0
1532,779,0,0,1,42
1533,779,0,1,0,13
1534,779,1,0,0,1
1535,779,1,1,0,0
1536,780,0,0,0,6
1537,780,0,1,1,60
1538,780,1,0,1,448
1539,780,1,1,1,50
1540,781,0,0,0,6
1541,781,0,1,0,2
1542,781,1,0,1,643
1543,781,1,1,1,101
1544,782,0,0,1,147
1545,782,0,1,0,6
1546,782,1,0,1,665
1547,782,1,1,1,67
1548,783,0,0,1,64
1549,783,0,1,1,76
1550,783,1,0,1,811
1551,783,1,1,1,177
1552,784,0,0,1,139
1553,784,0,1,0,10
1554,784,1,0,1,932
1555,784,1,1,1,514
1556,785,0,0,1,105
1557,785,0,1,0,22
1558,785,1,0,1,1341
1559,785,1,1,1,1279
1560,786,0,0,1,86
1561,786,0,1,1,514
1562,786,1,0,1,1729
1563,786,1,1,1,1789
1564,787,0,0,1,372
1565,787,0,1,1,687
1566,787,1,0,1,1006
1567,787,1,1,1,1612
1568,788,0,0,1,146
1569,788,0,1,1,824
1570,788,1,0,1,448
1571,788,1,1,1,1655
1572,789,0,0,1,76
1573,789,0,1,1,1039
1574,789,1,0,1,145
1575,789,1,1,1,1423
1576,790,0,0,1,598
1577,790,0,1,1,861
1578,790,1,0,1,97
1579,790,1,1,1,816
1580,791,0,0,1,805
1581,791,0,1,1,747
1582,791,1,0,1,102
1583,791,1,1,1,418
1584,792,0,0,1,569
1585,792,0,1,1,591
1586,792,1,0,1,159
1587,792,1,1,1,187
1588,793,0,0,1,258
1589,793,0,1,1,512
1590,793,1,0,1,209
1591,793,1,1,0,17
1592,794,0,0,1,108
1593,794,0,1,1,465
1594,794,1,0,1,162
1595,794,1,1,0,0
1596,795,0,0,1,503
1597,795,0,1,1,558
1598,795,1,0,1,180
1599,795,1,1,1,181
1600,796,0,0,1,1215
1601,796,0,1,1,288
1602,796,1,0,1,114
1603,796,1,1,1,310
1604,797,0,0,1,1413
1605,797,0,1,1,145
1606,797,1,0,0,1
1607,797,1,1,1,235
1608,798,0,0,1,1528
1609,798,0,1,1,119
1610,798,1,0,0,0
1611,798,1,1,1,106
1612,799,0,0,1,1674
1613,799,0,1,1,62
1614,799,1,0,0,0
1615,799,1,1,0,0
1616,800,0,0,1,1839
1617,800,0,1,1,250
1618,800,1,0,0,5
1619,800,1,1,0,2
1620,801,0,0,1,971
1621,801,0,1,1,335
1622,801,1,0,0,5
1623,801,1,1,0,1
1624,802,0,0,1,494
1625,802,0,1,1,207
1626,802,1,0,1,57
1627,802,1,1,0,1
1628,803,0,0,1,275
1629,803,0,1,1,418
1630,803,1,0,1,289
1631,803,1,1,0,0
1632,804,0,0,1,70
1633,804,0,1,1,889
1634,804,1,0,1,113
1635,804,1,1,0,0
1636,805,0,0,0,39
1637,805,0,1,1,1057
1638,805,1,0,0,29
1639,805,1,1,1,53
1640,806,0,0,1,112
1641,806,0,1,1,836
1642,806,1,0,1,212
1643,806,1,1,0,0
1644,807,0,0,1,152
1645,807,0,1,1,462
1646,807,1,0,1,445
1647,807,1,1,1,554
1648,808,0,0,0,0
1649,808,0,1,1,310
1650,808,1,0,1,254
1651,808,1,1,1,1227
1652,809,0,0,1,402
1653,809,0,1,1,441
1654,809,1,0,1,91
1655,809,1,1,1,1746
1656,810,0,0,1,1206
1657,810,0,1,1,196
1658,810,1,0,0,35
1659,810,1,1,1,1690
1660,811,0,0,1,1275
1661,811,0,1,0,18
1662,811,1,0,1,140
1663,811,1,1,1,1178
1664,812,0,0,1,832
1665,812,0,1,0,12
1666,812,1,0,1,139
1667,812,1,1,1,550
1668,813,0,0,1,776
1669,813,0,1,0,33
1670,813,1,0,1,166
1671,813,1,1,1,205
1672,814,0,0,1,849
1673,814,0,1,0,38
1674,814,1,0,1,138
1675,814,1,1,1,308
1676,815,0,0,1,934
1677,815,0,1,1,167
1678,815,1,0,0,3
1679,815,1,1,1,366
1680,816,0,0,1,901
1681,816,0,1,1,275
1682,816,1,0,0,9
1683,816,1,1,1,227
1684,817,0,0,1,1311
1685,817,0,1,1,373
1686,817,1,0,1,67
1687,817,1,1,1,52
1688,818,0,0,1,715
1689,818,0,1,1,170
1690,818,1,0,0,16
1691,818,1,1,0,2
1692,819,0,0,1,193
1693,819,0,1,1,47
1694,819,1,0,0,17
1695,819,1,1,0,4
1696,820,0,0,1,160
1697,820,0,1,1,53
1698,820,1,0,1,597
1699,820,1,1,1,1068
1700,821,0,0,1,376
1701,821,0,1,1,189
1702,821,1,0,1,1278
1703,821,1,1,1,2093
1704,822,0,0,1,1127
1705,822,0,1,1,1467
1706,822,1,0,1,1246
1707,822,1,1,1,1704
1708,823,0,0,1,1159
1709,823,0,1,1,1691
1710,823,1,0,1,1112
1711,823,1,1,1,1079
1712,824,0,0,1,759
1713,824,0,1,1,977
1714,824,1,0,1,1021
1715,824,1,1,1,717
1716,825,0,0,1,675
1717,825,0,1,1,901
1718,825,1,0,1,692
1719,825,1,1,1,599
1720,826,0,0,1,565
1721,826,0,1,1,693
1722,826,1,0,1,444
1723,826,1,1,1,206
1724,827,0,0,1,537
1725,827,0,1,1,380
1726,827,1,0,1,203
1727,827,1,1,0,30
1728,828,0,0,1,410
1729,828,0,1,1,158
1730,828,1,0,0,37
1731,828,1,1,0,3
1732,829,0,0,1,572
1733,829,0,1,0,26
1734,829,1,0,0,38
1735,829,1,1,0,8
1736,830,0,0,1,315
1737,830,0,1,0,5
1738,830,1,0,0,0
1739,830,1,1,1,408
1740,831,0,0,0,37
1741,831,0,1,0,0
1742,831,1,0,0,13
1743,831,1,1,1,499
1744,832,0,0,0,1
1745,832,0,1,0,0
1746,832,1,0,0,12
1747,832,1,1,1,314
1748,833,0,0,0,0
1749,833,0,1,1,85
1750,833,1,0,0,0
1751,833,1,1,1,144
1752,834,0,0,0,0
1753,834,0,1,0,9
1754,834,1,0,1,87
1755,834,1,1,1,62
1756,835,0,0,1,116
1757,835,0,1,1,69
1758,835,1,0,0,38
1759,835,1,1,1,435
1760,836,0,0,1,279
1761,836,0,1,1,248
1762,836,1,0,1,78
1763,836,1,1,1,767
1764,837,0,0,1,753
1765,837,0,1,1,224
1766,837,1,0,1,132
1767,837,1,1,1,801
1768,838,0,0,1,612
1769,838,0,1,1,101
1770,838,1,0,1,95
1771,838,1,1,1,488
1772,839,0,0,1,423
1773,839,0,1,0,28
1774,839,1,0,0,24
1775,839,1,1,1,173
1776,840,0,0,1,418
1777,840,0,1,0,21
1778,840,1,0,0,0
1779,840,1,1,1,78
1780,841,0,0,1,245
1781,841,0,1,0,0
1782,841,1,0,0,0
1783,841,1,1,0,20
1784,842,0,0,1,103
1785,842,0,1,0,0
1786,842,1,0,1,133
1787,842,1,1,0,0
1788,843,0,0,1,341
1789,843,0,1,1,227
1790,843,1,0,1,153
1791,843,1,1,0,0
1792,844,0,0,1,813
1793,844,0,1,1,878
1794,844,1,0,0,21
1795,844,1,1,0,1
1796,845,0,0,1,1323
1797,845,0,1,1,2050
1798,845,1,0,0,14
1799,845,1,1,0,6
1800,846,0,0,1,1311
1801,846,0,1,1,2561
1802,846,1,0,0,26
1803,846,1,1,1,147
1804,847,0,0,1,701
1805,847,0,1,1,2096
1806,847,1,0,1,48
1807,847,1,1,1,820
1808,848,0,0,1,349
1809,848,0,1,1,1635
1810,848,1,0,1,102
1811,848,1,1,1,811
1812,849,0,0,1,139
1813,849,0,1,1,1114
1814,849,1,0,1,777
1815,849,1,1,1,905
1816,850,0,0,1,46
1817,850,0,1,1,684
1818,850,1,0,1,1109
1819,850,1,1,1,868
1820,851,0,0,0,28
1821,851,0,1,1,269
1822,851,1,0,1,1014
1823,851,1,1,1,711
1824,852,0,0,1,51
1825,852,0,1,1,116
1826,852,1,0,1,1060
1827,852,1,1,1,606
1828,853,0,0,0,8
1829,853,0,1,0,37
1830,853,1,0,1,773
1831,853,1,1,1,337
1832,854,0,0,1,45
1833,854,0,1,0,10
1834,854,1,0,1,491
1835,854,1,1,1,361
1836,855,0,0,1,44
1837,855,0,1,0,0
1838,855,1,0,1,1068
1839,855,1,1,1,1007
1840,856,0,0,1,894
1841,856,0,1,1,76
1842,856,1,0,1,2111
1843,856,1,1,1,2815
1844,857,0,0,1,1215
1845,857,0,1,1,651
1846,857,1,0,1,3002
1847,857,1,1,1,4682
1848,858,0,0,1,1787
1849,858,0,1,1,1814
1850,858,1,0,1,3315
1851,858,1,1,1,4516
1852,859,0,0,1,2306
1853,859,0,1,1,3259
1854,859,1,0,1,2553
1855,859,1,1,1,4014
1856,860,0,0,1,1801
1857,860,0,1,1,2610
1858,860,1,0,1,2069
1859,860,1,1,1,2791
1860,861,0,0,1,621
1861,861,0,1,1,1092
1862,861,1,0,1,1192
1863,861,1,1,1,1389
1864,862,0,0,1,101
1865,862,0,1,1,264
1866,862,1,0,1,190
1867,862,1,1,1,210
1868,863,0,0,0,30
1869,863,0,1,1,83
1870,863,1,0,0,39
1871,863,1,1,0,18
1872,864,0,0,0,0
1873,864,0,1,1,46
1874,864,1,0,0,27
1875,864,1,1,0,0
1876,865,0,0,0,0
1877,865,0,1,0,0
1878,865,1,0,0,24
1879,865,1,1,0,0
1880,866,0,0,0,10
1881,866,0,1,0,39
1882,866,1,0,0,0
1883,866,1,1,0,14
1884,867,0,0,0,30
1885,867,0,1,1,86
1886,867,1,0,1,177
1887,867,1,1,0,30
1888,868,0,0,0,15
1889,868,0,1,1,790
1890,868,1,0,0,18
1891,868,1,1,0,0
1892,869,0,0,0,5
1893,869,0,1,1,1465
1894,869,1,0,0,12
1895,869,1,1,0,38
1896,870,0,0,1,158
1897,870,0,1,1,1258
1898,870,1,0,0,0
1899,870,1,1,1,81
1900,871,0,0,1,165
1901,871,0,1,1,590
1902,871,1,0,1,96
1903,871,1,1,1,58
1904,872,0,0,1,470
1905,872,0,1,1,326
1906,872,1,0,1,154
1907,872,1,1,1,64
1908,873,0,0,1,567
1909,873,0,1,1,365
1910,873,1,0,1,53
1911,873,1,1,0,35
1912,874,0,0,1,521
1913,874,0,1,1,253
1914,874,1,0,1,48
1915,874,1,1,1,47
1916,875,0,0,1,705
1917,875,0,1,1,232
1918,875,1,0,1,85
1919,875,1,1,1,182
1920,876,0,0,1,620
1921,876,0,1,1,93
1922,876,1,0,1,270
1923,876,1,1,1,723
1924,877,0,0,1,294
1925,877,0,1,0,28
1926,877,1,0,1,88
1927,877,1,1,1,590
1928,878,0,0,1,238
1929,878,0,1,0,27
1930,878,1,0,0,7
1931,878,1,1,1,299
1932,879,0,0,1,134
1933,879,0,1,0,39
1934,879,1,0,0,6
1935,879,1,1,1,343
1936,880,0,0,1,77
1937,880,0,1,1,47
1938,880,1,0,0,0
1939,880,1,1,1,338
1940,881,0,0,1,161
1941,881,0,1,0,38
1942,881,1,0,0,0
1943,881,1,1,1,121
1944,882,0,0,1,77
1945,882,0,1,1,46
1946,882,1,0,0,0
1947,882,1,1,0,5
1948,883,0,0,0,25
1949,883,0,1,1,67
1950,883,1,0,0,0
1951,883,1,1,0,0
1952,884,0,0,0,2
1953,884,0,1,0,21
1954,884,1,0,0,8
1955,884,1,1,0,1
1956,885,0,0,0,21
1957,885,0,1,0,1
1958,885,1,0,0,14
1959,885,1,1,0,0
1960,886,0,0,0,0
1961,886,0,1,0,4
1962,886,1,0,0,0
1963,886,1,1,0,1
1964,887,0,0,1,73
1965,887,0,1,0,0
1966,887,1,0,0,0
1967,887,1,1,0,0
1968,888,0,0,1,71
1969,888,0,1,1,54
1970,888,1,0,0,3
1971,888,1,1,0,19
1972,889,0,0,0,18
1973,889,0,1,1,55
1974,889,1,0,0,2
1975,889,1,1,0,0
1976,890,0,0,0,20
1977,890,0,1,0,0
1978,890,1,0,0,0
1979,890,1,1,0,5
1980,891,0,0,0,5
1981,891,0,1,0,0
1982,891,1,0,1,262
1983,891,1,1,0,0
1984,892,0,0,1,110
1985,892,0,1,0,5
1986,892,1,0,1,122
1987,892,1,1,0,0
1988,893,0,0,1,118
1989,893,0,1,0,19
1990,893,1,0,0,19
1991,893,1,1,0,0
1992,894,0,0,0,0
1993,894,0,1,0,0
1994,894,1,0,0,0
1995,894,1,1,0,0
1996,895,0,0,1,114
1997,895,0,1,0,0
1998,895,1,0,0,1
1999,895,1,1,0,0
2000,896,0,0,1,272
2001,896,0,1,0,0
2002,896,1,0,0,0
2003,896,1,1,0,4
2004,897,0,0,1,147
2005,897,0,1,1,188
2006,897,1,0,0,1
2007,897,1,1,0,0
2008,898,0,0,1,257
2009,898,0,1,1,728
2010,898,1,0,0,28
2011,898,1,1,0,12
2012,899,0,0,1,475
2013,899,0,1,1,953
2014,899,1,0,0,0
2015,899,1,1,1,206
2016,900,0,0,1,442
2017,900,0,1,1,989
2018,900,1,0,0,0
2019,900,1,1,1,124
2020,901,0,0,1,134
2021,901,0,1,1,1119
2022,901,1,0,0,0
2023,901,1,1,0,15
2024,902,0,0,1,217
2025,902,0,1,1,512
2026,902,1,0,0,14
2027,902,1,1,0,0
2028,903,0,0,1,102
2029,903,0,1,1,56
2030,903,1,0,0,0
2031,903,1,1,0,9
2032,904,0,0,1,65
2033,904,0,1,0,4
2034,904,1,0,0,0
2035,904,1,1,0,2
2036,905,0,0,1,58
2037,905,0,1,0,17
2038,905,1,0,0,0
2039,905,1,1,0,0
2040,906,0,0,0,13
2041,906,0,1,0,21
2042,906,1,0,0,1
2043,906,1,1,0,0
2044,907,0,0,0,0
2045,907,0,1,0,0
2046,907,1,0,0,0
2047,907,1,1,1,335
2048,908,0,0,0,9
2049,908,0,1,0,36
2050,908,1,0,0,0
2051,908,1,1,1,138
2052,909,0,0,0,0
2053,909,0,1,1,73
2054,909,1,0,0,0
2055,909,1,1,0,0
2056,910,0,0,0,1
2057,910,0,1,0,3
2058,910,1,0,0,0
2059,910,1,1,0,0
2060,911,0,0,1,59
2061,911,0,1,0,0
2062,911,1,0,0,0
2063,911,1,1,0,0
2064,912,0,0,0,22
2065,912,0,1,0,2
2066,912,1,0,0,0
2067,912,1,1,0,14
2068,913,0,0,0,5
2069,913,0,1,0,11
2070,913,1,0,0,0
2071,913,1,1,0,0
2072,914,0,0,0,0
2073,914,0,1,1,44
2074,914,1,0,0,0
2075,914,1,1,0,0
2076,915,0,0,0,1
2077,915,0,1,0,0
2078,915,1,0,0,0
2079,915,1,1,0,0
2080,916,0,0,0,0
2081,916,0,1,0,2
2082,916,1,0,0,0
2083,916,1,1,0,0
2084,917,0,0,0,7
2085,917,0,1,0,0
2086,917,1,0,0,0
2087,917,1,1,0,1
2088,918,0,0,0,34
2089,918,0,1,0,0
2090,918,1,0,0,2
2091,918,1,1,0,14
2092,919,0,0,0,1
2093,919,0,1,0,0
2094,919,1,0,0,0
2095,919,1,1,0,3
2096,920,0,0,0,1
2097,920,0,1,0,5
2098,920,1,0,0,11
2099,920,1,1,0,16
2100,921,0,0,0,17
2101,921,0,1,0,5
2102,921,1,0,0,0
2103,921,1,1,0,0
2104,922,0,0,0,2
2105,922,0,1,0,28
2106,922,1,0,0,0
2107,922,1,1,0,1
2108,923,0,0,0,11
2109,923,0,1,0,0
2110,923,1,0,0,0
2111,923,1,1,0,0
2112,924,0,0,0,14
2113,924,0,1,0,2
2114,924,1,0,0,32
2115,924,1,1,0,0
2116,925,0,0,0,5
2117,925,0,1,0,0
2118,925,1,0,1,101
2119,925,1,1,0,0
2120,926,0,0,1,66
2121,926,0,1,0,0
2122,926,1,0,1,75
2123,926,1,1,0,0
2124,927,0,0,0,3
2125,927,0,1,0,1
2126,927,1,0,0,0
2127,927,1,1,0,29
2128,928,0,0,0,3
2129,928,0,1,0,9
2130,928,1,0,0,0
2131,928,1,1,0,4
2132,929,0,0,0,8
2133,929,0,1,0,0
2134,929,1,0,0,0
2135,929,1,1,0,0
2136,930,0,0,0,13
2137,930,0,1,0,4
2138,930,1,0,0,0
2139,930,1,1,0,0
2140,931,0,0,0,13
2141,931,0,1,0,0
2142,931,1,0,0,0
2143,931,1,1,0,0
2144,932,0,0,0,3
2145,932,0,1,0,2
2146,932,1,0,0,4
2147,932,1,1,0,8
2148,933,0,0,0,0
2149,933,0,1,0,0
2150,933,1,0,0,9
2151,933,1,1,0,0
2152,934,0,0,0,5
2153,934,0,1,0,1
2154,934,1,0,1,57
2155,934,1,1,0,0
2156,935,0,0,0,0
2157,935,0,1,1,149
2158,935,1,0,0,0
2159,935,1,1,0,0
2160,936,0,0,0,1
2161,936,0,1,1,63
2162,936,1,0,0,0
2163,936,1,1,0,0
2164,937,0,0,0,1
2165,937,0,1,0,2
2166,937,1,0,0,0
2167,937,1,1,0,0
2168,938,0,0,0,1
2169,938,0,1,0,0
2170,938,1,0,0,0
2171,938,1,1,0,3
2172,939,0,0,0,0
2173,939,0,1,0,0
2174,939,1,0,0,0
2175,939,1,1,0,1
2176,940,0,0,0,1
2177,940,0,1,0,0
2178,940,1,0,0,29
2179,940,1,1,0,0
2180,941,0,0,0,4
2181,941,0,1,0,0
2182,941,1,0,0,25
2183,941,1,1,0,0
2184,942,0,0,0,1
2185,942,0,1,0,35
2186,942,1,0,0,0
2187,942,1,1,0,1
2188,943,0,0,0,3
2189,943,0,1,1,75
2190,943,1,0,0,0
2191,943,1,1,0,3
2192,944,0,0,0,14
2193,944,0,1,0,4
2194,944,1,0,0,7
2195,944,1,1,0,0
2196,945,0,0,0,15
2197,945,0,1,0,30
2198,945,1,0,0,0
2199,945,1,1,0,2
2200,946,0,0,0,2
2201,946,0,1,0,0
2202,946,1,0,0,0
2203,946,1,1,0,1
2204,947,0,0,1,54
2205,947,0,1,0,0
2206,947,1,0,0,0
2207,947,1,1,0,1
2208,948,0,0,1,80
2209,948,0,1,1,52
2210,948,1,0,1,91
2211,948,1,1,0,0
2212,949,0,0,0,2
2213,949,0,1,1,187
2214,949,1,0,0,0
2215,949,1,1,0,0
2216,950,0,0,0,3
2217,950,0,1,0,37
2218,950,1,0,0,0
2219,950,1,1,1,44
2220,951,0,0,0,0
2221,951,0,1,0,0
2222,951,1,0,0,0
2223,951,1,1,0,0
2224,952,0,0,0,9
2225,952,0,1,0,0
2226,952,1,0,0,5
2227,952,1,1,0,0
2228,953,0,0,0,0
2229,953,0,1,0,2
2230,953,1,0,0,0
2231,953,1,1,0,0
2232,954,0,0,0,0
2233,954,0,1,0,0
2234,954,1,0,0,4
2235,954,1,1,0,0
2236,955,0,0,0,0
2237,955,0,1,0,1
2238,955,1,0,0,0
2239,955,1,1,0,2
2240,956,0,0,0,2
2241,956,0,1,0,0
2242,956,1,0,1,71
2243,956,1,1,0,0
2244,957,0,0,0,4
2245,957,0,1,0,2
2246,957,1,0,0,7
2247,957,1,1,0,3
2248,958,0,0,0,2
2249,958,0,1,0,1
2250,958,1,0,0,17
2251,958,1,1,0,0
2252,959,0,0,0,1
2253,959,0,1,0,0
2254,959,1,0,0,0
2255,959,1,1,1,43
2256,960,0,0,0,0
2257,960,0,1,0,6
2258,960,1,0,0,5
2259,960,1,1,1,228
2260,961,0,0,0,2
2261,961,0,1,1,59
2262,961,1,0,0,0
2263,961,1,1,0,19
2264,962,0,0,0,2
2265,962,0,1,0,28
2266,962,1,0,0,0
2267,962,1,1,0,6
2268,963,0,0,0,8
2269,963,0,1,1,51
2270,963,1,0,0,0
2271,963,1,1,0,0
2272,964,0,0,0,8
2273,964,0,1,0,0
2274,964,1,0,0,1
2275,964,1,1,0,9
2276,965,0,0,0,18
2277,965,0,1,0,2
2278,965,1,0,0,0
2279,965,1,1,0,3
2280,966,0,0,0,6
2281,966,0,1,0,0
2282,966,1,0,1,91
2283,966,1,1,0,0
2284,967,0,0,0,5
2285,967,0,1,0,0
2286,967,1,0,0,0
2287,967,1,1,0,0
2288,968,0,0,0,5
2289,968,0,1,1,90
2290,968,1,0,0,3
2291,968,1,1,0,0
2292,969,0,0,1,69
2293,969,0,1,1,210
2294,969,1,0,0,8
2295,969,1,1,0,1
2296,970,0,0,1,94
2297,970,0,1,1,161
2298,970,1,0,0,0
2299,970,1,1,0,5
2300,971,0,0,1,266
2301,971,0,1,1,79
2302,971,1,0,0,0
2303,971,1,1,0,0
2304,972,0,0,1,102
2305,972,0,1,0,0
2306,972,1,0,0,0
2307,972,1,1,0,0
2308,973,0,0,0,24
2309,973,0,1,0,0
2310,973,1,0,0,0
2311,973,1,1,0,0
2312,974,0,0,0,3
2313,974,0,1,0,3
2314,974,1,0,0,1
2315,974,1,1,0,0
2316,975,0,0,0,1
2317,975,0,1,0,1
2318,975,1,0,0,0
2319,975,1,1,0,8
2320,976,0,0,0,0
2321,976,0,1,0,0
2322,976,1,0,0,0
2323,976,1,1,0,0
2324,977,0,0,0,0
2325,977,0,1,0,1
2326,977,1,0,0,0
2327,977,1,1,1,46
2328,978,0,0,0,5
2329,978,0,1,0,0
2330,978,1,0,0,1
2331,978,1,1,0,17
2332,979,0,0,0,5
2333,979,0,1,0,0
2334,979,1,0,0,0
2335,979,1,1,0,0
2336,980,0,0,0,0
2337,980,0,1,0,0
2338,980,1,0,0,0
2339,980,1,1,0,0
2340,981,0,0,0,0
2341,981,0,1,0,1
2342,981,1,0,0,0
2343,981,1,1,0,0
2344,982,0,0,0,0
2345,982,0,1,0,0
2346,982,1,0,0,11
2347,982,1,1,0,4
2348,983,0,0,0,2
2349,983,0,1,1,110
2350,983,1,0,0,31
2351,983,1,1,0,0
2352,984,0,0,1,123
2353,984,0,1,1,423
2354,984,1,0,0,9
2355,984,1,1,0,0
2356,985,0,0,0,8
2357,985,0,1,1,353
2358,985,1,0,0,0
2359,985,1,1,0,0
2360,986,0,0,1,83
2361,986,0,1,1,269
2362,986,1,0,0,9
2363,986,1,1,0,1
2364,987,0,0,0,21
2365,987,0,1,1,99
2366,987,1,0,0,6
2367,987,1,1,0,24
2368,988,0,0,0,0
2369,988,0,1,0,36
2370,988,1,0,0,18
2371,988,1,1,0,0
2372,989,0,0,0,0
2373,989,0,1,0,1
2374,989,1,0,0,0
2375,989,1,1,0,0
2376,990,0,0,0,4
2377,990,0,1,0,0
2378,990,1,0,0,0
2379,990,1,1,0,3
2380,991,0,0,0,1
2381,991,0,1,0,0
2382,991,1,0,0,1
2383,991,1,1,0,1
2384,992,0,0,0,0
2385,992,0,1,0,13
2386,992,1,0,0,1
2387,992,1,1,0,3
2388,993,0,0,0,17
2389,993,0,1,0,0
2390,993,1,0,0,1
2391,993,1,1,0,1
2392,994,0,0,0,7
2393,994,0,1,0,0
2394,994,1,0,1,93
2395,994,1,1,0,0
2396,995,0,0,0,13
2397,995,0,1,0,3
2398,995,1,0,1,73
2399,995,1,1,0,0
2400,996,0,0,0,1
2401,996,0,1,0,0
2402,996,1,0,0,0
2403,996,1,1,0,1
2404,997,0,0,0,4
2405,997,0,1,0,0
2406,997,1,0,1,113
2407,997,1,1,0,0
2408,998,0,0,0,0
2409,998,0,1,0,6
2410,998,1,0,0,28
2411,998,1,1,0,0
2412,999,0,0,0,0
2413,999,0,1,0,4
2414,999,1,0,1,46
2415,999,1,1,0,1
2416,1000,0,0,0,0
2417,1000,0,1,0,0
2418,1000,1,0,0,20
2419,1000,1,1,1,49
2420,1001,0,0,0,2
2421,1001,0,1,0,4
2422,1001,1,0,0,22
2423,1001,1,1,0,29
2424,1002,0,0,0,0
2425,1002,0,1,0,0
2426,1002,1,0,0,4
2427,1002,1,1,0,11
2428,1003,0,0,1,75
2429,1003,0,1,0,26
2430,1003,1,0,0,0
2431,1003,1,1,0,4
2432,1004,0,0,0,25
2433,1004,0,1,0,29
2434,1004,1,0,0,0
2435,1004,1,1,0,0
2436,1005,0,0,0,20
2437,1005,0,1,0,2
2438,1005,1,0,0,1
2439,1005,1,1,0,8
2440,1006,0,0,1,50
2441,1006,0,1,0,39
2442,1006,1,0,0,0
2443,1006,1,1,0,3
2444,1007,0,0,0,0
2445,1007,0,1,0,37
2446,1007,1,0,0,0
2447,1007,1,1,0,0
2448,1008,0,0,0,0
2449,1008,0,1,0,30
2450,1008,1,0,0,0
2451,1008,1,1,0,0
2452,1009,0,0,0,1
2453,1009,0,1,1,113
2454,1009,1,0,0,1
2455,1009,1,1,0,3
2456,1010,0,0,0,3
2457,1010,0,1,1,90
2458,1010,1,0,0,0
2459,1010,1,1,0,0
2460,1011,0,0,0,0
2461,1011,0,1,0,0
2462,1011,1,0,1,151
2463,1011,1,1,0,0
2464,1012,0,0,1,50
2465,1012,0,1,1,56
2466,1012,1,0,1,311
2467,1012,1,1,0,0
2468,1013,0,0,0,29
2469,1013,0,1,0,25
2470,1013,1,0,1,62
2471,1013,1,1,0,0
2472,1014,0,0,1,96
2473,1014,0,1,1,99
2474,1014,1,0,0,9
2475,1014,1,1,0,0
2476,1015,0,0,1,44
2477,1015,0,1,1,76
2478,1015,1,0,0,0
2479,1015,1,1,0,0
2480,1016,0,0,0,32
2481,1016,0,1,0,5
2482,1016,1,0,0,0
2483,1016,1,1,0,32
2484,1017,0,0,0,0
2485,1017,0,1,0,2
2486,1017,1,0,0,0
2487,1017,1,1,0,0
2488,1018,0,0,0,1
2489,1018,0,1,0,0
2490,1018,1,0,0,2
2491,1018,1,1,0,5
2492,1019,0,0,0,0
2493,1019,0,1,0,0
2494,1019,1,0,0,0
2495,1019,1,1,0,27
2496,1020,0,0,0,0
2497,1020,0,1,0,1
2498,1020,1,0,0,0
2499,1020,1,1,0,4
2500,1021,0,0,0,0
2501,1021,0,1,0,0
2502,1021,1,0,0,12
2503,1021,1,1,0,0
2504,1022,0,0,0,0
2505,1022,0,1,0,0
2506,1022,1,0,0,0
2507,1022,1,1,0,0
2508,1023,0,0,0,1
2509,1023,0,1,0,12
2510,1023,1,0,0,0
2511,1023,1,1,0,0
2512,1024,0,0,0,0
2513,1024,0,1,0,0
2514,1024,1,0,0,0
2515,1024,1,1,0,0
2516,1025,0,0,0,3
2517,1025,0,1,0,3
2518,1025,1,0,0,17
2519,1025,1,1,0,0
2520,1026,0,0,0,2
2521,1026,0,1,0,0
2522,1026,1,0,0,4
2523,1026,1,1,0,0
2524,1027,0,0,0,4
2525,1027,0,1,0,0
2526,1027,1,0,0,4
2527,1027,1,1,0,1
2528,1028,0,0,0,4
2529,1028,0,1,0,11
2530,1028,1,0,0,0
2531,1028,1,1,0,1
2532,1029,0,0,0,6
2533,1029,0,1,1,117
2534,1029,1,0,0,0
2535,1029,1,1,0,0
2536,1030,0,0,0,4
2537,1030,0,1,0,26
2538,1030,1,0,0,0
2539,1030,1,1,0,0
2540,1031,0,0,0,1
2541,1031,0,1,0,0
2542,1031,1,0,0,0
2543,1031,1,1,0,16
2544,1032,0,0,0,0
2545,1032,0,1,0,0
2546,1032,1,0,0,8
2547,1032,1,1,0,6
2548,1033,0,0,1,117
2549,1033,0,1,0,11
2550,1033,1,0,0,1
2551,1033,1,1,0,1
2552,1034,0,0,1,92
2553,1034,0,1,0,1
2554,1034,1,0,0,20
2555,1034,1,1,0,27
2556,1035,0,0,1,65
2557,1035,0,1,1,43
2558,1035,1,0,0,0
2559,1035,1,1,0,7
2560,1036,0,0,0,8
2561,1036,0,1,0,17
2562,1036,1,0,0,0
2563,1036,1,1,0,3
2564,1037,0,0,0,1
2565,1037,0,1,0,1
2566,1037,1,0,0,27
2567,1037,1,1,0,0
2568,1038,0,0,0,2
2569,1038,0,1,0,0
2570,1038,1,0,0,1
2571,1038,1,1,0,0
2572,1039,0,0,0,0
2573,1039,0,1,0,1
2574,1039,1,0,0,0
2575,1039,1,1,0,0
2576,1040,0,0,0,0
2577,1040,0,1,0,0
2578,1040,1,0,0,0
2579,1040,1,1,0,0
2580,1041,0,0,0,0
2581,1041,0,1,0,0
2582,1041,1,0,0,0
2583,1041,1,1,0,1
2584,1042,0,0,0,0
2585,1042,0,1,0,0
2586,1042,1,0,0,14
2587,1042,1,1,0,0
2588,1043,0,0,0,5
2589,1043,0,1,0,7
2590,1043,1,0,0,0
2591,1043,1,1,0,0
2592,1044,0,0,0,0
2593,1044,0,1,0,0
2594,1044,1,0,0,1
2595,1044,1,1,0,0
2596,1045,0,0,0,0
2597,1045,0,1,0,7
2598,1045,1,0,0,0
2599,1045,1,1,0,8
2600,1046,0,0,0,2
2601,1046,0,1,0,0
2602,1046,1,0,0,10
2603,1046,1,1,0,11
2604,1047,0,0,0,4
2605,1047,0,1,0,0
2606,1047,1,0,0,6
2607,1047,1,1,0,1
2608,1048,0,0,0,0
2609,1048,0,1,0,0
2610,1048,1,0,0,25
2611,1048,1,1,0,0
2612,1049,0,0,1,53
2613,1049,0,1,1,100
2614,1049,1,0,0,16
2615,1049,1,1,0,6
2616,1050,0,0,1,386
2617,1050,0,1,1,175
2618,1050,1,0,0,0
2619,1050,1,1,0,0
2620,1051,0,0,1,299
2621,1051,0,1,1,99
2622,1051,1,0,0,0
2623,1051,1,1,0,0
2624,1052,0,0,1,78
2625,1052,0,1,0,19
2626,1052,1,0,0,0
2627,1052,1,1,0,0
2628,1053,0,0,0,20
2629,1053,0,1,0,10
2630,1053,1,0,0,0
2631,1053,1,1,0,0
2632,1054,0,0,0,4
2633,1054,0,1,0,1
2634,1054,1,0,0,1
2635,1054,1,1,0,10
2636,1055,0,0,0,5
2637,1055,0,1,0,0
2638,1055,1,0,0,6
2639,1055,1,1,0,0
2640,1056,0,0,0,2
2641,1056,0,1,0,0
2642,1056,1,0,0,36
2643,1056,1,1,0,0
2644,1057,0,0,0,33
2645,1057,0,1,0,1
2646,1057,1,0,1,103
2647,1057,1,1,0,3
2648,1058,0,0,0,13
2649,1058,0,1,0,6
2650,1058,1,0,0,15
2651,1058,1,1,0,0
2652,1059,0,0,0,0
2653,1059,0,1,0,6
2654,1059,1,0,0,0
2655,1059,1,1,0,0
2656,1060,0,0,0,0
2657,1060,0,1,0,0
2658,1060,1,0,0,0
2659,1060,1,1,0,12
2660,1061,0,0,0,0
2661,1061,0,1,0,0
2662,1061,1,0,0,3
2663,1061,1,1,1,109
2664,1062,0,0,0,4
2665,1062,0,1,0,0
2666,1062,1,0,0,0
2667,1062,1,1,1,157
2668,1063,0,0,0,12
2669,1063,0,1,0,4
2670,1063,1,0,0,30
2671,1063,1,1,0,0
2672,1064,0,0,0,8
2673,1064,0,1,0,20
2674,1064,1,0,0,4
2675,1064,1,1,0,0
2676,1065,0,0,0,0
2677,1065,0,1,0,6
2678,1065,1,0,0,0
2679,1065,1,1,0,0
2680,1066,0,0,0,10
2681,1066,0,1,0,0
2682,1066,1,0,0,40
2683,1066,1,1,0,13
2684,1067,0,0,1,45
2685,1067,0,1,0,0
2686,1067,1,0,1,61
2687,1067,1,1,0,38
2688,1068,0,0,0,0
2689,1068,0,1,0,0
2690,1068,1,0,0,4
2691,1068,1,1,1,76
2692,1069,0,0,0,0
2693,1069,0,1,1,42
2694,1069,1,0,0,0
2695,1069,1,1,0,34
2696,1070,0,0,0,18
2697,1070,0,1,0,4
2698,1070,1,0,0,3
2699,1070,1,1,0,3
2700,1071,0,0,0,0
2701,1071,0,1,0,2
2702,1071,1,0,0,0
2703,1071,1,1,0,0
2704,1072,0,0,0,0
2705,1072,0,1,0,2
2706,1072,1,0,0,6
2707,1072,1,1,0,0
2708,1073,0,0,0,0
2709,1073,0,1,0,0
2710,1073,1,0,0,9
2711,1073,1,1,0,0
2712,1074,0,0,0,0
2713,1074,0,1,0,0
2714,1074,1,0,0,0
2715,1074,1,1,0,0
2716,1075,0,0,0,0
2717,1075,0,1,0,0
2718,1075,1,0,0,0
2719,1075,1,1,0,0
2720,1076,0,0,0,1
2721,1076,0,1,0,0
2722,1076,1,0,0,0
2723,1076,1,1,0,13
2724,1077,0,0,0,1
2725,1077,0,1,0,0
2726,1077,1,0,0,7
2727,1077,1,1,0,28
2728,1078,0,0,0,2
2729,1078,0,1,0,0
2730,1078,1,0,0,0
2731,1078,1,1,0,0
2732,1079,0,0,0,5
2733,1079,0,1,0,0
2734,1079,1,0,0,0
2735,1079,1,1,0,0
2736,1080,0,0,0,14
2737,1080,0,1,0,1
2738,1080,1,0,0,29
2739,1080,1,1,0,1
2740,1081,0,0,1,125
2741,1081,0,1,1,48
2742,1081,1,0,0,0
2743,1081,1,1,0,0
2744,1082,0,0,1,49
2745,1082,0,1,0,0
2746,1082,1,0,0,7
2747,1082,1,1,0,0
2748,1083,0,0,0,4
2749,1083,0,1,0,24
2750,1083,1,0,0,0
2751,1083,1,1,0,1
2752,1084,0,0,0,1
2753,1084,0,1,0,2
2754,1084,1,0,1,48
2755,1084,1,1,0,1
2756,1085,0,0,0,4
2757,1085,0,1,0,0
2758,1085,1,0,1,53
2759,1085,1,1,0,31
2760,1086,0,0,0,0
2761,1086,0,1,0,0
2762,1086,1,0,0,32
2763,1086,1,1,0,4
2764,1087,0,0,0,1
2765,1087,0,1,0,0
2766,1087,1,0,0,0
2767,1087,1,1,0,18
2768,1088,0,0,0,1
2769,1088,0,1,0,2
2770,1088,1,0,0,0
2771,1088,1,1,0,0
2772,1089,0,0,1,76
2773,1089,0,1,0,0
2774,1089,1,0,0,0
2775,1089,1,1,0,0
2776,1090,0,0,0,21
2777,1090,0,1,0,0
2778,1090,1,0,0,0
2779,1090,1,1,0,0
2780,1091,0,0,0,0
2781,1091,0,1,0,11
2782,1091,1,0,0,0
2783,1091,1,1,0,0
2784,1092,0,0,0,4
2785,1092,0,1,0,0
2786,1092,1,0,0,0
2787,1092,1,1,0,0
2788,1093,0,0,0,1
2789,1093,0,1,0,0
2790,1093,1,0,0,4
2791,1093,1,1,0,1
2792,1094,0,0,0,1
2793,1094,0,1,0,0
2794,1094,1,0,0,7
2795,1094,1,1,0,0
2796,1095,0,0,0,0
2797,1095,0,1,0,0
2798,1095,1,0,0,0
2799,1095,1,1,0,0
2800,1096,0,0,0,5
2801,1096,0,1,0,0
2802,1096,1,0,0,0
2803,1096,1,1,0,0
2804,1097,0,0,0,36
2805,1097,0,1,0,0
2806,1097,1,0,0,2
2807,1097,1,1,0,0
2808,1098,0,0,0,1
2809,1098,0,1,0,0
2810,1098,1,0,0,0
2811,1098,1,1,0,17
2812,1099,0,0,0,0
2813,1099,0,1,0,0
2814,1099,1,0,0,0
2815,1099,1,1,0,0
2816,1100,0,0,0,0
2817,1100,0,1,0,0
2818,1100,1,0,0,8
2819,1100,1,1,0,1
2820,1101,0,0,0,0
2821,1101,0,1,0,0
2822,1101,1,0,0,0
2823,1101,1,1,0,0
2824,1102,0,0,0,1
2825,1102,0,1,0,0
2826,1102,1,0,0,2
2827,1102,1,1,0,0
2828,1103,0,0,0,1
2829,1103,0,1,0,0
2830,1103,1,0,0,14
2831,1103,1,1,0,0
2832,1104,0,0,0,0
2833,1104,0,1,0,0
2834,1104,1,0,0,3
2835,1104,1,1,1,61
2836,1105,0,0,0,0
2837,1105,0,1,0,38
2838,1105,1,0,0,0
2839,1105,1,1,0,27
2840,1106,0,0,0,3
2841,1106,0,1,0,0
2842,1106,1,0,0,0
2843,1106,1,1,0,0
2844,1107,0,0,0,3
2845,1107,0,1,0,1
2846,1107,1,0,0,0
2847,1107,1,1,0,0
2848,1108,0,0,0,2
2849,1108,0,1,0,11
2850,1108,1,0,0,0
2851,1108,1,1,0,0
2852,1109,0,0,0,1
2853,1109,0,1,0,12
2854,1109,1,0,0,0
2855,1109,1,1,0,0
2856,1110,0,0,0,2
2857,1110,0,1,0,2
2858,1110,1,0,0,1
2859,1110,1,1,0,2
2860,1111,0,0,1,81
2861,1111,0,1,0,2
2862,1111,1,0,0,25
2863,1111,1,1,0,33
2864,1112,0,0,1,113
2865,1112,0,1,0,1
2866,1112,1,0,0,26
2867,1112,1,1,1,105
2868,1113,0,0,0,15
2869,1113,0,1,0,6
2870,1113,1,0,0,3
2871,1113,1,1,1,155
2872,1114,0,0,0,1
2873,1114,0,1,0,15
2874,1114,1,0,0,12
2875,1114,1,1,0,24
2876,1115,0,0,0,0
2877,1115,0,1,0,15
2878,1115,1,0,0,0
2879,1115,1,1,0,0
2880,1116,0,0,0,1
2881,1116,0,1,0,0
2882,1116,1,0,0,28
2883,1116,1,1,0,2
2884,1117,0,0,0,1
2885,1117,0,1,0,0
2886,1117,1,0,0,0
2887,1117,1,1,0,0
2888,1118,0,0,0,0
2889,1118,0,1,0,0
2890,1118,1,0,0,0
2891,1118,1,1,0,0
2892,1119,0,0,0,3
2893,1119,0,1,0,0
2894,1119,1,0,0,2
2895,1119,1,1,0,0
2896,1120,0,0,0,1
2897,1120,0,1,0,0
2898,1120,1,0,0,0
2899,1120,1,1,0,14
2900,1121,0,0,0,36
2901,1121,0,1,1,59
2902,1121,1,0,0,1
2903,1121,1,1,0,0
2904,1122,0,0,0,2
2905,1122,0,1,0,27
2906,1122,1,0,0,0
2907,1122,1,1,0,0
2908,1123,0,0,0,2
2909,1123,0,1,0,0
2910,1123,1,0,0,0
2911,1123,1,1,0,0
2912,1124,0,0,0,7
2913,1124,0,1,0,1
2914,1124,1,0,0,0
2915,1124,1,1,0,0
2916,1125,0,0,0,3
2917,1125,0,1,0,0
2918,1125,1,0,0,12
2919,1125,1,1,0,0
2920,1126,0,0,0,1
2921,1126,0,1,0,0
2922,1126,1,0,0,4
2923,1126,1,1,0,0
2924,1127,0,0,0,1
2925,1127,0,1,0,0
2926,1127,1,0,1,177
2927,1127,1,1,0,1
2928,1128,0,0,0,2
2929,1128,0,1,0,2
2930,1128,1,0,1,70
2931,1128,1,1,0,0
2932,1129,0,0,0,6
2933,1129,0,1,0,4
2934,1129,1,0,0,3
2935,1129,1,1,0,2
2936,1130,0,0,0,0
2937,1130,0,1,0,0
2938,1130,1,0,0,2
2939,1130,1,1,0,0
2940,1131,0,0,0,1
2941,1131,0,1,0,4
2942,1131,1,0,0,2
2943,1131,1,1,0,0
2944,1132,0,0,0,0
2945,1132,0,1,0,2
2946,1132,1,0,0,2
2947,1132,1,1,0,10
2948,1133,0,0,0,0
2949,1133,0,1,0,0
2950,1133,1,0,0,15
2951,1133,1,1,0,0
2952,1134,0,0,0,0
2953,1134,0,1,0,0
2954,1134,1,0,0,0
2955,1134,1,1,0,0
2956,1135,0,0,0,0
2957,1135,0,1,0,0
2958,1135,1,0,0,0
2959,1135,1,1,0,11
2960,1136,0,0,0,0
2961,1136,0,1,0,0
2962,1136,1,0,0,2
2963,1136,1,1,0,0
2964,1137,0,0,0,0
2965,1137,0,1,0,0
2966,1137,1,0,0,0
2967,1137,1,1,0,0
2968,1138,0,0,0,0
2969,1138,0,1,0,0
2970,1138,1,0,0,0
2971,1138,1,1,0,0
2972,1139,0,0,0,5
2973,1139,0,1,0,0
2974,1139,1,0,0,0
2975,1139,1,1,0,4
2976,1140,0,0,0,1
2977,1140,0,1,0,0
2978,1140,1,0,0,6
2979,1140,1,1,0,0
2980,1141,0,0,0,0
2981,1141,0,1,0,0
2982,1141,1,0,0,1
2983,1141,1,1,0,0
2984,1142,0,0,0,7
2985,1142,0,1,0,0
2986,1142,1,0,1,67
2987,1142,1,1,0,8
2988,1143,0,0,0,2
2989,1143,0,1,0,0
2990,1143,1,0,0,1
2991,1143,1,1,0,28
2992,1144,0,0,0,0
2993,1144,0,1,0,0
2994,1144,1,0,0,0
2995,1144,1,1,0,8
2996,1145,0,0,0,0
2997,1145,0,1,0,0
2998,1145,1,0,0,0
2999,1145,1,1,0,0
3000,1146,0,0,0,0
3001,1146,0,1,0,0
3002,1146,1,0,0,6
3003,1146,1,1,0,0
3004,1147,0,0,0,2
3005,1147,0,1,0,0
3006,1147,1,0,0,0
3007,1147,1,1,0,0
3008,1148,0,0,0,0
3009,1148,0,1,0,1
3010,1148,1,0,0,0
3011,1148,1,1,1,577
3012,1149,0,0,0,32
3013,1149,0,1,1,416
3014,1149,1,0,0,2
3015,1149,1,1,1,773
3016,1150,0,0,1,111
3017,1150,0,1,1,519
3018,1150,1,0,0,5
3019,1150,1,1,1,454
3020,1151,0,0,1,73
3021,1151,0,1,1,205
3022,1151,1,0,0,3
3023,1151,1,1,1,43
3024,1152,0,0,0,9
3025,1152,0,1,1,243
3026,1152,1,0,0,0
3027,1152,1,1,0,0
3028,1153,0,0,0,0
3029,1153,0,1,1,176
3030,1153,1,0,0,1
3031,1153,1,1,0,1
3032,1154,0,0,0,0
3033,1154,0,1,1,46
3034,1154,1,0,0,0
3035,1154,1,1,0,2
3036,1155,0,0,0,0
3037,1155,0,1,0,1
3038,1155,1,0,0,0
3039,1155,1,1,1,59
3040,1156,0,0,0,0
3041,1156,0,1,0,0
3042,1156,1,0,0,0
3043,1156,1,1,0,27
3044,1157,0,0,0,0
3045,1157,0,1,0,8
3046,1157,1,0,0,0
3047,1157,1,1,0,0
3048,1158,0,0,0,1
3049,1158,0,1,0,0
3050,1158,1,0,0,0
3051,1158,1,1,0,0
3052,1159,0,0,1,73
3053,1159,0,1,0,13
3054,1159,1,0,0,9
3055,1159,1,1,0,0
3056,1160,0,0,1,164
3057,1160,0,1,0,6
3058,1160,1,0,0,3
3059,1160,1,1,0,0
3060,1161,0,0,0,8
3061,1161,0,1,0,0
3062,1161,1,0,0,0
3063,1161,1,1,0,0
3064,1162,0,0,0,1
3065,1162,0,1,0,5
3066,1162,1,0,0,0
3067,1162,1,1,1,104
3068,1163,0,0,0,0
3069,1163,0,1,0,28
3070,1163,1,0,0,1
3071,1163,1,1,1,146
3072,1164,0,0,0,0
3073,1164,0,1,0,37
3074,1164,1,0,0,0
3075,1164,1,1,1,45
3076,1165,0,0,0,0
3077,1165,0,1,0,2
3078,1165,1,0,0,35
3079,1165,1,1,0,0
3080,1166,0,0,0,9
3081,1166,0,1,0,6
3082,1166,1,0,0,1
3083,1166,1,1,0,0
3084,1167,0,0,0,0
3085,1167,0,1,0,0
3086,1167,1,0,0,0
3087,1167,1,1,0,7
3088,1168,0,0,0,20
3089,1168,0,1,0,4
3090,1168,1,0,0,23
3091,1168,1,1,0,17
3092,1169,0,0,0,1
3093,1169,0,1,0,2
3094,1169,1,0,0,0
3095,1169,1,1,1,352
3096,1170,0,0,0,2
3097,1170,0,1,0,0
3098,1170,1,0,0,3
3099,1170,1,1,1,480
3100,1171,0,0,0,27
3101,1171,0,1,0,0
3102,1171,1,0,0,0
3103,1171,1,1,1,167
3104,1172,0,0,1,41
3105,1172,0,1,0,0
3106,1172,1,0,0,32
3107,1172,1,1,1,45
3108,1173,0,0,0,7
3109,1173,0,1,0,2
3110,1173,1,0,0,0
3111,1173,1,1,0,6
3112,1174,0,0,0,28
3113,1174,0,1,0,0
3114,1174,1,0,0,0
3115,1174,1,1,0,4
3116,1175,0,0,0,0
3117,1175,0,1,0,0
3118,1175,1,0,0,6
3119,1175,1,1,0,0
3120,1176,0,0,0,0
3121,1176,0,1,0,0
3122,1176,1,0,0,0
3123,1176,1,1,0,0
3124,1177,0,0,0,2
3125,1177,0,1,0,6
3126,1177,1,0,0,12
3127,1177,1,1,0,0
3128,1178,0,0,0,0
3129,1178,0,1,0,38
3130,1178,1,0,0,1
3131,1178,1,1,0,0
3132,1179,0,0,0,27
3133,1179,0,1,0,14
3134,1179,1,0,0,2
3135,1179,1,1,0,1
3136,1180,0,0,0,9
3137,1180,0,1,0,0
3138,1180,1,0,0,0
3139,1180,1,1,0,15
3140,1181,0,0,0,6
3141,1181,0,1,0,0
3142,1181,1,0,0,4
3143,1181,1,1,0,20
3144,1182,0,0,0,2
3145,1182,0,1,0,20
3146,1182,1,0,0,1
3147,1182,1,1,0,3
3148,1183,0,0,0,3
3149,1183,0,1,0,0
3150,1183,1,0,0,0
3151,1183,1,1,0,1
3152,1184,0,0,0,0
3153,1184,0,1,0,5
3154,1184,1,0,0,0
3155,1184,1,1,0,7
3156,1185,0,0,0,0
3157,1185,0,1,0,6
3158,1185,1,0,0,0
3159,1185,1,1,0,0
3160,1186,0,0,0,8
3161,1186,0,1,0,1
3162,1186,1,0,0,0
3163,1186,1,1,0,0
3164,1187,0,0,0,7
3165,1187,0,1,0,6
3166,1187,1,0,0,1
3167,1187,1,1,0,16
3168,1188,0,0,0,28
3169,1188,0,1,0,0
3170,1188,1,0,0,28
3171,1188,1,1,0,12
3172,1189,0,0,0,0
3173,1189,0,1,0,38
3174,1189,1,0,1,78
3175,1189,1,1,0,12
3176,1190,0,0,0,0
3177,1190,0,1,0,13
3178,1190,1,0,0,31
3179,1190,1,1,0,0
3180,1191,0,0,0,0
3181,1191,0,1,0,1
3182,1191,1,0,0,1
3183,1191,1,1,0,0
3184,1192,0,0,0,10
3185,1192,0,1,0,8
3186,1192,1,0,1,46
3187,1192,1,1,0,0
3188,1193,0,0,0,20
3189,1193,0,1,0,3
3190,1193,1,0,0,30
3191,1193,1,1,0,0
3192,1194,0,0,0,11
3193,1194,0,1,0,12
3194,1194,1,0,0,40
3195,1194,1,1,0,0
3196,1195,0,0,0,0
3197,1195,0,1,0,3
3198,1195,1,0,1,65
3199,1195,1,1,0,21
3200,1196,0,0,0,0
3201,1196,0,1,0,1
3202,1196,1,0,0,0
3203,1196,1,1,0,9
3204,1197,0,0,0,4
3205,1197,0,1,0,0
3206,1197,1,0,0,1
3207,1197,1,1,0,0
3208,1198,0,0,0,5
3209,1198,0,1,1,48
3210,1198,1,0,0,0
3211,1198,1,1,0,5
3212,1199,0,0,0,0
3213,1199,0,1,0,0
3214,1199,1,0,0,0
3215,1199,1,1,0,14
3216,1200,0,0,1,90
3217,1200,0,1,1,52
3218,1200,1,0,0,6
3219,1200,1,1,0,3
3220,1201,0,0,0,28
3221,1201,0,1,0,2
3222,1201,1,0,0,0
3223,1201,1,1,0,0
3224,1202,0,0,0,1
3225,1202,0,1,0,0
3226,1202,1,0,0,0
3227,1202,1,1,0,0
3228,1203,0,0,0,9
3229,1203,0,1,0,1
3230,1203,1,0,0,0
3231,1203,1,1,0,0
3232,1204,0,0,0,0
3233,1204,0,1,0,0
3234,1204,1,0,0,1
3235,1204,1,1,0,6
3236,1205,0,0,0,0
3237,1205,0,1,0,2
3238,1205,1,0,0,9
3239,1205,1,1,0,2
3240,1206,0,0,0,7
3241,1206,0,1,0,0
3242,1206,1,0,0,0
3243,1206,1,1,0,0
3244,1207,0,0,0,0
3245,1207,0,1,0,0
3246,1207,1,0,0,0
3247,1207,1,1,0,1
3248,1208,0,0,0,16
3249,1208,0,1,0,0
3250,1208,1,0,0,0
3251,1208,1,1,0,0
3252,1209,0,0,0,6
3253,1209,0,1,0,4
3254,1209,1,0,0,0
3255,1209,1,1,0,5
3256,1210,0,0,0,1
3257,1210,0,1,0,1
3258,1210,1,0,0,0
3259,1210,1,1,0,0
3260,1211,0,0,0,13
3261,1211,0,1,0,0
3262,1211,1,0,0,25
3263,1211,1,1,0,0
3264,1212,0,0,0,28
3265,1212,0,1,0,15
3266,1212,1,0,0,0
3267,1212,1,1,0,0
3268,1213,0,0,0,8
3269,1213,0,1,0,2
3270,1213,1,0,0,0
3271,1213,1,1,0,3
3272,1214,0,0,0,1
3273,1214,0,1,0,27
3274,1214,1,0,0,8
3275,1214,1,1,0,16
3276,1215,0,0,0,27
3277,1215,0,1,1,119
3278,1215,1,0,0,3
3279,1215,1,1,0,32
3280,1216,0,0,0,22
3281,1216,0,1,0,8
3282,1216,1,0,0,1
3283,1216,1,1,0,0
3284,1217,0,0,0,15
3285,1217,0,1,0,0
3286,1217,1,0,0,0
3287,1217,1,1,0,0
3288,1218,0,0,0,1
3289,1218,0,1,0,0
3290,1218,1,0,0,13
3291,1218,1,1,0,0
3292,1219,0,0,0,0
3293,1219,0,1,0,1
3294,1219,1,0,1,149
3295,1219,1,1,0,0
3296,1220,0,0,0,0
3297,1220,0,1,0,0
3298,1220,1,0,1,213
3299,1220,1,1,0,4
3300,1221,0,0,0,9
3301,1221,0,1,0,0
3302,1221,1,0,0,34
3303,1221,1,1,0,0
3304,1222,0,0,1,59
3305,1222,0,1,1,65
3306,1222,1,0,0,0
3307,1222,1,1,0,2
3308,1223,0,0,1,306
3309,1223,0,1,1,130
3310,1223,1,0,0,0
3311,1223,1,1,0,0
3312,1224,0,0,1,105
3313,1224,0,1,0,23
3314,1224,1,0,0,0
3315,1224,1,1,0,0
3316,1225,0,0,1,68
3317,1225,0,1,0,26
3318,1225,1,0,1,182
3319,1225,1,1,1,75
3320,1226,0,0,0,14
3321,1226,0,1,0,0
3322,1226,1,0,1,232
3323,1226,1,1,1,172
3324,1227,0,0,0,2
3325,1227,0,1,0,0
3326,1227,1,0,0,14
3327,1227,1,1,1,231
3328,1228,0,0,0,14
3329,1228,0,1,0,0
3330,1228,1,0,0,14
3331,1228,1,1,1,665
3332,1229,0,0,1,47
3333,1229,0,1,0,7
3334,1229,1,0,0,31
3335,1229,1,1,1,855
3336,1230,0,0,1,180
3337,1230,0,1,0,8
3338,1230,1,0,0,8
3339,1230,1,1,1,916
3340,1231,0,0,1,326
3341,1231,0,1,0,7
3342,1231,1,0,0,0
3343,1231,1,1,1,600
3344,1232,0,0,1,277
3345,1232,0,1,0,26
3346,1232,1,0,0,18
3347,1232,1,1,1,89
3348,1233,0,0,1,103
3349,1233,0,1,0,5
3350,1233,1,0,1,116
3351,1233,1,1,0,34
3352,1234,0,0,0,3
3353,1234,0,1,0,1
3354,1234,1,0,1,48
3355,1234,1,1,0,32
3356,1235,0,0,0,31
3357,1235,0,1,1,44
3358,1235,1,0,0,13
3359,1235,1,1,0,33
3360,1236,0,0,0,5
3361,1236,0,1,0,39
3362,1236,1,0,0,1
3363,1236,1,1,0,0
3364,1237,0,0,0,5
3365,1237,0,1,0,6
3366,1237,1,0,0,16
3367,1237,1,1,0,30
3368,1238,0,0,0,0
3369,1238,0,1,0,10
3370,1238,1,0,0,4
3371,1238,1,1,0,10
3372,1239,0,0,0,7
3373,1239,0,1,0,3
3374,1239,1,0,0,9
3375,1239,1,1,0,22
3376,1240,0,0,0,6
3377,1240,0,1,0,19
3378,1240,1,0,0,12
3379,1240,1,1,0,26
3380,1241,0,0,0,1
3381,1241,0,1,0,0
3382,1241,1,0,1,139
3383,1241,1,1,1,215
3384,1242,0,0,0,8
3385,1242,0,1,0,1
3386,1242,1,0,0,17
3387,1242,1,1,1,135
3388,1243,0,0,0,1
3389,1243,0,1,0,2
3390,1243,1,0,0,1
3391,1243,1,1,0,1
3392,1244,0,0,0,7
3393,1244,0,1,1,47
3394,1244,1,0,0,0
3395,1244,1,1,1,63
3396,1245,0,0,0,12
3397,1245,0,1,1,64
3398,1245,1,0,0,0
3399,1245,1,1,1,55
3400,1246,0,0,0,1
3401,1246,0,1,1,42
3402,1246,1,0,0,0
3403,1246,1,1,0,34
3404,1247,0,0,0,32
3405,1247,0,1,0,34
3406,1247,1,0,0,4
3407,1247,1,1,0,0
3408,1248,0,0,0,38
3409,1248,0,1,1,53
3410,1248,1,0,0,0
3411,1248,1,1,0,0
3412,1249,0,0,0,3
3413,1249,0,1,0,2
3414,1249,1,0,1,85
3415,1249,1,1,0,24
3416,1250,0,0,0,0
3417,1250,0,1,0,0
3418,1250,1,0,0,2
3419,1250,1,1,1,65
3420,1251,0,0,0,0
3421,1251,0,1,0,0
3422,1251,1,0,0,25
3423,1251,1,1,1,51
3424,1252,0,0,0,1
3425,1252,0,1,0,0
3426,1252,1,0,0,0
3427,1252,1,1,0,0
3428,1253,0,0,0,5
3429,1253,0,1,0,10
3430,1253,1,0,1,101
3431,1253,1,1,0,22
3432,1254,0,0,0,7
3433,1254,0,1,0,1
3434,1254,1,0,1,67
3435,1254,1,1,1,100
3436,1255,0,0,0,1
3437,1255,0,1,0,1
3438,1255,1,0,1,108
3439,1255,1,1,0,34
3440,1256,0,0,0,22
3441,1256,0,1,1,42
3442,1256,1,0,1,118
3443,1256,1,1,0,38
3444,1257,0,0,1,133
3445,1257,0,1,0,13
3446,1257,1,0,0,37
3447,1257,1,1,1,351
3448,1258,0,0,1,210
3449,1258,0,1,0,0
3450,1258,1,0,0,4
3451,1258,1,1,1,229
3452,1259,0,0,1,51
3453,1259,0,1,0,0
3454,1259,1,0,0,2
3455,1259,1,1,1,134
3456,1260,0,0,0,3
3457,1260,0,1,0,12
3458,1260,1,0,0,1
3459,1260,1,1,0,8
3460,1261,0,0,0,1
3461,1261,0,1,0,2
3462,1261,1,0,0,6
3463,1261,1,1,0,0
3464,1262,0,0,0,14
3465,1262,0,1,1,47
3466,1262,1,0,0,35
3467,1262,1,1,0,3
3468,1263,0,0,0,0
3469,1263,0,1,1,69
3470,1263,1,0,0,7
3471,1263,1,1,0,0
3472,1264,0,0,0,0
3473,1264,0,1,1,118
3474,1264,1,0,0,28
3475,1264,1,1,0,4
3476,1265,0,0,0,1
3477,1265,0,1,1,150
3478,1265,1,0,0,0
3479,1265,1,1,0,0
3480,1266,0,0,1,56
3481,1266,0,1,0,0
3482,1266,1,0,0,4
3483,1266,1,1,0,0
3484,1267,0,0,0,0
3485,1267,0,1,0,14
3486,1267,1,0,0,20
3487,1267,1,1,1,45
3488,1268,0,0,0,22
3489,1268,0,1,0,1
3490,1268,1,0,1,112
3491,1268,1,1,1,163
3492,1269,0,0,0,0
3493,1269,0,1,0,0
3494,1269,1,0,1,99
3495,1269,1,1,0,38
3496,1270,0,0,0,0
3497,1270,0,1,0,0
3498,1270,1,0,1,133
3499,1270,1,1,0,8
3500,1271,0,0,0,5
3501,1271,0,1,0,28
3502,1271,1,0,1,131
3503,1271,1,1,0,1
3504,1272,0,0,0,28
3505,1272,0,1,0,8
3506,1272,1,0,0,1
3507,1272,1,1,0,18
3508,1273,0,0,0,4
3509,1273,0,1,0,0
3510,1273,1,0,0,0
3511,1273,1,1,0,10
3512,1274,0,0,0,4
3513,1274,0,1,0,0
3514,1274,1,0,0,26
3515,1274,1,1,0,29
3516,1275,0,0,0,1
3517,1275,0,1,0,0
3518,1275,1,0,0,15
3519,1275,1,1,1,237
3520,1276,0,0,1,51
3521,1276,0,1,0,31
3522,1276,1,0,0,3
3523,1276,1,1,1,144
3524,1277,0,0,1,69
3525,1277,0,1,0,33
3526,1277,1,0,0,0
3527,1277,1,1,0,2
3528,1278,0,0,0,4
3529,1278,0,1,0,28
3530,1278,1,0,0,8
3531,1278,1,1,0,0
3532,1279,0,0,0,7
3533,1279,0,1,0,1
3534,1279,1,0,0,0
3535,1279,1,1,0,0
3536,1280,0,0,0,0
3537,1280,0,1,0,1
3538,1280,1,0,1,228
3539,1280,1,1,0,0
3540,1281,0,0,0,1
3541,1281,0,1,1,60
3542,1281,1,0,1,472
3543,1281,1,1,0,10
3544,1282,0,0,1,66
3545,1282,0,1,0,11
3546,1282,1,0,1,322
3547,1282,1,1,1,45
3548,1283,0,0,0,20
3549,1283,0,1,0,17
3550,1283,1,0,0,22
3551,1283,1,1,0,17
3552,1284,0,0,1,151
3553,1284,0,1,0,19
3554,1284,1,0,0,0
3555,1284,1,1,0,16
3556,1285,0,0,1,126
3557,1285,0,1,0,0
3558,1285,1,0,0,1
3559,1285,1,1,0,4
3560,1286,0,0,1,94
3561,1286,0,1,0,9
3562,1286,1,0,0,0
3563,1286,1,1,0,4
3564,1287,0,0,1,63
3565,1287,0,1,1,44
3566,1287,1,0,0,0
3567,1287,1,1,0,0
3568,1288,0,0,0,16
3569,1288,0,1,0,10
3570,1288,1,0,0,0
3571,1288,1,1,0,11
3572,1289,0,0,1,97
3573,1289,0,1,1,81
3574,1289,1,0,0,4
3575,1289,1,1,0,27
3576,1290,0,0,1,98
3577,1290,0,1,0,0
3578,1290,1,0,1,49
3579,1290,1,1,0,0
3580,1291,0,0,1,71
3581,1291,0,1,0,0
3582,1291,1,0,1,146
3583,1291,1,1,0,0
3584,1292,0,0,0,0
3585,1292,0,1,0,2
3586,1292,1,0,0,0
3587,1292,1,1,0,5
3588,1293,0,0,0,9
3589,1293,0,1,0,4
3590,1293,1,0,0,5
3591,1293,1,1,0,27
3592,1294,0,0,0,0
3593,1294,0,1,0,2
3594,1294,1,0,0,17
3595,1294,1,1,0,29
3596,1295,0,0,0,0
3597,1295,0,1,1,56
3598,1295,1,0,0,12
3599,1295,1,1,1,91
3600,1296,0,0,0,14
3601,1296,0,1,0,21
3602,1296,1,0,0,0
3603,1296,1,1,0,40
3604,1297,0,0,1,125
3605,1297,0,1,0,3
3606,1297,1,0,0,0
3607,1297,1,1,1,133
3608,1298,0,0,0,6
3609,1298,0,1,0,24
3610,1298,1,0,0,17
3611,1298,1,1,1,217
3612,1299,0,0,0,0
3613,1299,0,1,0,9
3614,1299,1,0,0,2
3615,1299,1,1,0,7
3616,1300,0,0,0,0
3617,1300,0,1,0,5
3618,1300,1,0,0,4
3619,1300,1,1,1,285
3620,1301,0,0,1,63
3621,1301,0,1,0,0
3622,1301,1,0,0,1
3623,1301,1,1,1,133
3624,1302,0,0,0,5
3625,1302,0,1,0,1
3626,1302,1,0,0,0
3627,1302,1,1,0,8
3628,1303,0,0,0,12
3629,1303,0,1,0,0
3630,1303,1,0,0,3
3631,1303,1,1,0,3
3632,1304,0,0,0,0
3633,1304,0,1,0,14
3634,1304,1,0,0,0
3635,1304,1,1,0,10
3636,1305,0,0,0,19
3637,1305,0,1,1,284
3638,1305,1,0,0,0
3639,1305,1,1,0,40
3640,1306,0,0,0,0
3641,1306,0,1,1,170
3642,1306,1,0,0,34
3643,1306,1,1,0,0
3644,1307,0,0,0,37
3645,1307,0,1,0,0
3646,1307,1,0,1,130
3647,1307,1,1,0,0
3648,1308,0,0,0,1
3649,1308,0,1,0,0
3650,1308,1,0,1,136
3651,1308,1,1,1,73
3652,1309,0,0,0,0
3653,1309,0,1,0,0
3654,1309,1,0,0,26
3655,1309,1,1,1,200
3656,1310,0,0,0,2
3657,1310,0,1,0,0
3658,1310,1,0,0,4
3659,1310,1,1,1,65
3660,1311,0,0,1,43
3661,1311,0,1,0,0
3662,1311,1,0,0,0
3663,1311,1,1,0,2
3664,1312,0,0,1,50
3665,1312,0,1,1,407
3666,1312,1,0,0,3
3667,1312,1,1,1,45
3668,1313,0,0,1,136
3669,1313,0,1,1,510
3670,1313,1,0,0,8
3671,1313,1,1,1,146
3672,1314,0,0,1,471
3673,1314,0,1,1,468
3674,1314,1,0,1,177
3675,1314,1,1,1,180
3676,1315,0,0,1,1104
3677,1315,0,1,1,262
3678,1315,1,0,1,299
3679,1315,1,1,1,111
3680,1316,0,0,1,1047
3681,1316,0,1,1,189
3682,1316,1,0,1,189
3683,1316,1,1,1,130
3684,1317,0,0,1,696
3685,1317,0,1,1,65
3686,1317,1,0,0,8
3687,1317,1,1,0,3
3688,1318,0,0,1,294
3689,1318,0,1,1,210
3690,1318,1,0,1,42
3691,1318,1,1,0,0
3692,1319,0,0,1,41
3693,1319,0,1,1,169
3694,1319,1,0,0,39
3695,1319,1,1,0,2
3696,1320,0,0,0,4
3697,1320,0,1,1,52
3698,1320,1,0,0,0
3699,1320,1,1,0,9
3700,1321,0,0,0,1
3701,1321,0,1,0,12
3702,1321,1,0,0,0
3703,1321,1,1,0,0
3704,1322,0,0,0,1
3705,1322,0,1,0,1
3706,1322,1,0,0,1
3707,1322,1,1,1,208
3708,1323,0,0,1,63
3709,1323,0,1,0,35
3710,1323,1,0,1,66
3711,1323,1,1,1,238
3712,1324,0,0,0,7
3713,1324,0,1,0,0
3714,1324,1,0,1,115
3715,1324,1,1,1,111
3716,1325,0,0,0,0
3717,1325,0,1,0,0
3718,1325,1,0,1,128
3719,1325,1,1,0,8
3720,1326,0,0,0,0
3721,1326,0,1,0,0
3722,1326,1,0,1,52
3723,1326,1,1,1,101
3724,1327,0,0,0,0
3725,1327,0,1,0,0
3726,1327,1,0,1,67
3727,1327,1,1,1,283
3728,1328,0,0,0,5
3729,1328,0,1,0,6
3730,1328,1,0,1,55
3731,1328,1,1,1,144
3732,1329,0,0,0,0
3733,1329,0,1,0,21
3734,1329,1,0,1,62
3735,1329,1,1,1,43
3736,1330,0,0,0,14
3737,1330,0,1,0,20
3738,1330,1,0,1,53
3739,1330,1,1,0,37
3740,1331,0,0,1,48
3741,1331,0,1,1,179
3742,1331,1,0,0,11
3743,1331,1,1,0,0
3744,1332,0,0,1,78
3745,1332,0,1,0,11
3746,1332,1,0,0,4
3747,1332,1,1,0,2
3748,1333,0,0,1,181
3749,1333,0,1,0,32
3750,1333,1,0,0,0
3751,1333,1,1,1,119
3752,1334,0,0,1,297
3753,1334,0,1,1,411
3754,1334,1,0,0,1
3755,1334,1,1,0,35
3756,1335,0,0,1,166
3757,1335,0,1,1,760
3758,1335,1,0,0,0
3759,1335,1,1,0,0
3760,1336,0,0,1,159
3761,1336,0,1,1,379
3762,1336,1,0,0,1
3763,1336,1,1,1,94
3764,1337,0,0,1,195
3765,1337,0,1,1,347
3766,1337,1,0,0,1
3767,1337,1,1,1,45
3768,1338,0,0,0,36
3769,1338,0,1,1,209
3770,1338,1,0,0,0
3771,1338,1,1,0,38
3772,1339,0,0,0,1
3773,1339,0,1,0,21
3774,1339,1,0,0,0
3775,1339,1,1,0,1
3776,1340,0,0,0,5
3777,1340,0,1,0,0
3778,1340,1,0,0,0
3779,1340,1,1,0,0
3780,1341,0,0,1,56
3781,1341,0,1,0,2
3782,1341,1,0,0,6
3783,1341,1,1,0,0
3784,1342,0,0,0,5
3785,1342,0,1,0,40
3786,1342,1,0,0,0
3787,1342,1,1,0,2
3788,1343,0,0,0,2
3789,1343,0,1,0,30
3790,1343,1,0,0,0
3791,1343,1,1,0,0
3792,1344,0,0,0,4
3793,1344,0,1,0,1
3794,1344,1,0,0,3
3795,1344,1,1,0,21
3796,1345,0,0,0,7
3797,1345,0,1,0,1
3798,1345,1,0,0,0
3799,1345,1,1,0,5
3800,1346,0,0,0,3
3801,1346,0,1,0,0
3802,1346,1,0,0,0
3803,1346,1,1,0,14
3804,1347,0,0,0,0
3805,1347,0,1,0,0
3806,1347,1,0,0,0
3807,1347,1,1,0,33
3808,1348,0,0,0,0
3809,1348,0,1,0,3
3810,1348,1,0,0,4
3811,1348,1,1,0,11
3812,1349,0,0,0,7
3813,1349,0,1,0,0
3814,1349,1,0,0,17
3815,1349,1,1,0,0
3816,1350,0,0,0,16
3817,1350,0,1,0,4
3818,1350,1,0,0,1
3819,1350,1,1,0,0
3820,1351,0,0,0,1
3821,1351,0,1,1,82
3822,1351,1,0,0,6
3823,1351,1,1,1,49
3824,1352,0,0,0,7
3825,1352,0,1,1,95
3826,1352,1,0,1,94
3827,1352,1,1,0,1
3828,1353,0,0,0,1
3829,1353,0,1,1,125
3830,1353,1,0,1,188
3831,1353,1,1,0,3
3832,1354,0,0,0,18
3833,1354,0,1,0,18
3834,1354,1,0,1,161
3835,1354,1,1,0,0
3836,1355,0,0,0,12
3837,1355,0,1,0,0
3838,1355,1,0,1,112
3839,1355,1,1,0,2
3840,1356,0,0,0,0
3841,1356,0,1,0,4
3842,1356,1,0,1,71
3843,1356,1,1,0,23
3844,1357,0,0,0,2
3845,1357,0,1,0,0
3846,1357,1,0,0,19
3847,1357,1,1,0,11
3848,1358,0,0,0,9
3849,1358,0,1,0,1
3850,1358,1,0,0,1
3851,1358,1,1,0,8
3852,1359,0,0,0,2
3853,1359,0,1,0,0
3854,1359,1,0,0,27
3855,1359,1,1,0,0
3856,1360,0,0,0,27
3857,1360,0,1,0,1
3858,1360,1,0,1,41
3859,1360,1,1,0,0
3860,1361,0,0,0,19
3861,1361,0,1,0,0
3862,1361,1,0,0,13
3863,1361,1,1,1,42
3864,1362,0,0,0,3
3865,1362,0,1,0,0
3866,1362,1,0,0,7
3867,1362,1,1,0,8
3868,1363,0,0,0,0
3869,1363,0,1,0,0
3870,1363,1,0,0,24
3871,1363,1,1,0,1
3872,1364,0,0,0,3
3873,1364,0,1,0,0
3874,1364,1,0,0,2
3875,1364,1,1,0,2
3876,1365,0,0,0,29
3877,1365,0,1,1,99
3878,1365,1,0,0,20
3879,1365,1,1,0,18
3880,1366,0,0,0,38
3881,1366,0,1,1,144
3882,1366,1,0,0,1
3883,1366,1,1,0,12
3884,1367,0,0,0,18
3885,1367,0,1,1,129
3886,1367,1,0,0,1
3887,1367,1,1,0,2
3888,1368,0,0,0,4
3889,1368,0,1,1,43
3890,1368,1,0,0,0
3891,1368,1,1,0,1
3892,1369,0,0,0,8
3893,1369,0,1,0,20
3894,1369,1,0,0,0
3895,1369,1,1,0,1
3896,1370,0,0,0,1
3897,1370,0,1,0,2
3898,1370,1,0,0,19
3899,1370,1,1,0,4
3900,1371,0,0,0,0
3901,1371,0,1,0,0
3902,1371,1,0,0,2
3903,1371,1,1,0,0
3904,1372,0,0,0,0
3905,1372,0,1,0,6
3906,1372,1,0,0,3
3907,1372,1,1,0,0
3908,1373,0,0,0,4
3909,1373,0,1,0,1
3910,1373,1,0,0,4
3911,1373,1,1,0,1
3912,1374,0,0,0,0
3913,1374,0,1,0,3
3914,1374,1,0,0,34
3915,1374,1,1,0,6
3916,1375,0,0,0,4
3917,1375,0,1,0,39
3918,1375,1,0,1,160
3919,1375,1,1,1,220
3920,1376,0,0,0,1
3921,1376,0,1,0,0
3922,1376,1,0,1,364
3923,1376,1,1,1,402
3924,1377,0,0,0,18
3925,1377,0,1,0,13
3926,1377,1,0,1,115
3927,1377,1,1,1,152
3928,1378,0,0,0,6
3929,1378,0,1,0,5
3930,1378,1,0,0,21
3931,1378,1,1,0,18
3932,1379,0,0,0,0
3933,1379,0,1,0,10
3934,1379,1,0,0,0
3935,1379,1,1,0,1
3936,1380,0,0,0,9
3937,1380,0,1,0,2
3938,1380,1,0,0,0
3939,1380,1,1,0,1
3940,1381,0,0,1,89
3941,1381,0,1,0,2
3942,1381,1,0,0,3
3943,1381,1,1,0,0
3944,1382,0,0,1,186
3945,1382,0,1,0,0
3946,1382,1,0,0,5
3947,1382,1,1,1,46
3948,1383,0,0,0,35
3949,1383,0,1,1,56
3950,1383,1,0,0,2
3951,1383,1,1,0,5
3952,1384,0,0,0,1
3953,1384,0,1,1,124
3954,1384,1,0,0,1
3955,1384,1,1,0,0
3956,1385,0,0,0,17
3957,1385,0,1,1,69
3958,1385,1,0,0,5
3959,1385,1,1,0,0
3960,1386,0,0,0,4
3961,1386,0,1,1,52
3962,1386,1,0,0,0
3963,1386,1,1,0,1
3964,1387,0,0,0,15
3965,1387,0,1,0,12
3966,1387,1,0,0,0
3967,1387,1,1,0,4
3968,1388,0,0,1,162
3969,1388,0,1,0,20
3970,1388,1,0,0,11
3971,1388,1,1,0,32
3972,1389,0,0,1,265
3973,1389,0,1,0,0
3974,1389,1,0,1,82
3975,1389,1,1,0,0
3976,1390,0,0,1,234
3977,1390,0,1,0,0
3978,1390,1,0,0,30
3979,1390,1,1,0,10
3980,1391,0,0,1,248
3981,1391,0,1,1,52
3982,1391,1,0,0,0
3983,1391,1,1,0,23
3984,1392,0,0,1,70
3985,1392,0,1,0,9
3986,1392,1,0,0,17
3987,1392,1,1,0,0
3988,1393,0,0,1,53
3989,1393,0,1,0,3
3990,1393,1,0,1,54
3991,1393,1,1,0,15
3992,1394,0,0,1,43
3993,1394,0,1,0,0
3994,1394,1,0,1,176
3995,1394,1,1,0,1
3996,1395,0,0,1,85
3997,1395,0,1,0,0
3998,1395,1,0,1,152
3999,1395,1,1,0,8
4000,1396,0,0,0,0
4001,1396,0,1,1,86
4002,1396,1,0,0,11
4003,1396,1,1,1,164
4004,1397,0,0,0,0
4005,1397,0,1,0,7
4006,1397,1,0,0,0
4007,1397,1,1,1,289
4008,1398,0,0,0,0
4009,1398,0,1,0,0
4010,1398,1,0,0,30
4011,1398,1,1,1,145
4012,1399,0,0,0,0
4013,1399,0,1,1,116
4014,1399,1,0,1,153
4015,1399,1,1,1,55
4016,1400,0,0,0,22
4017,1400,0,1,1,200
4018,1400,1,0,0,15
4019,1400,1,1,1,205
4020,1401,0,0,0,12
4021,1401,0,1,1,179
4022,1401,1,0,0,27
4023,1401,1,1,1,324
4024,1402,0,0,0,17
4025,1402,0,1,0,27
4026,1402,1,0,0,12
4027,1402,1,1,1,398
4028,1403,0,0,0,12
4029,1403,0,1,0,1
4030,1403,1,0,0,2
4031,1403,1,1,1,309
4032,1404,0,0,0,8
4033,1404,0,1,0,0
4034,1404,1,0,0,4
4035,1404,1,1,1,83
4036,1405,0,0,1,48
4037,1405,0,1,0,2
4038,1405,1,0,0,19
4039,1405,1,1,1,125
4040,1406,0,0,0,30
4041,1406,0,1,0,21
4042,1406,1,0,0,12
4043,1406,1,1,0,18
4044,1407,0,0,0,14
4045,1407,0,1,0,7
4046,1407,1,0,0,4
4047,1407,1,1,0,1
4048,1408,0,0,0,2
4049,1408,0,1,0,0
4050,1408,1,0,0,13
4051,1408,1,1,1,204
4052,1409,0,0,0,0
4053,1409,0,1,0,4
4054,1409,1,0,0,1
4055,1409,1,1,1,196
4056,1410,0,0,0,0
4057,1410,0,1,0,24
4058,1410,1,0,0,1
4059,1410,1,1,1,144
4060,1411,0,0,0,1
4061,1411,0,1,0,20
4062,1411,1,0,0,0
4063,1411,1,1,1,43
4064,1412,0,0,0,0
4065,1412,0,1,0,1
4066,1412,1,0,0,0
4067,1412,1,1,0,34
4068,1413,0,0,0,32
4069,1413,0,1,0,0
4070,1413,1,0,0,1
4071,1413,1,1,0,0
4072,1414,0,0,0,9
4073,1414,0,1,0,0
4074,1414,1,0,0,0
4075,1414,1,1,0,2
4076,1415,0,0,0,1
4077,1415,0,1,0,1
4078,1415,1,0,0,1
4079,1415,1,1,0,1
4080,1416,0,0,0,15
4081,1416,0,1,0,4
4082,1416,1,0,0,0
4083,1416,1,1,1,45
4084,1417,0,0,0,0
4085,1417,0,1,0,12
4086,1417,1,0,0,1
4087,1417,1,1,1,52
4088,1418,0,0,1,48
4089,1418,0,1,0,22
4090,1418,1,0,0,3
4091,1418,1,1,1,77
4092,1419,0,0,0,2
4093,1419,0,1,1,62
4094,1419,1,0,0,0
4095,1419,1,1,1,113
4096,1420,0,0,0,15
4097,1420,0,1,1,217
4098,1420,1,0,0,0
4099,1420,1,1,1,53
4100,1421,0,0,0,2
4101,1421,0,1,1,339
4102,1421,1,0,0,0
4103,1421,1,1,1,135
4104,1422,0,0,1,44
4105,1422,0,1,1,296
4106,1422,1,0,0,23
4107,1422,1,1,1,153
4108,1423,0,0,0,12
4109,1423,0,1,1,67
4110,1423,1,0,0,5
4111,1423,1,1,0,4
4112,1424,0,0,1,87
4113,1424,0,1,1,54
4114,1424,1,0,0,0
4115,1424,1,1,0,1
4116,1425,0,0,0,15
4117,1425,0,1,0,1
4118,1425,1,0,0,0
4119,1425,1,1,0,0
4120,1426,0,0,0,6
4121,1426,0,1,0,1
4122,1426,1,0,0,2
4123,1426,1,1,0,1
4124,1427,0,0,0,10
4125,1427,0,1,0,1
4126,1427,1,0,0,30
4127,1427,1,1,1,288
4128,1428,0,0,0,2
4129,1428,0,1,0,0
4130,1428,1,0,1,110
4131,1428,1,1,1,594
4132,1429,0,0,0,0
4133,1429,0,1,0,10
4134,1429,1,0,0,12
4135,1429,1,1,1,188
4136,1430,0,0,0,0
4137,1430,0,1,0,4
4138,1430,1,0,0,9
4139,1430,1,1,1,230
4140,1431,0,0,0,14
4141,1431,0,1,0,4
4142,1431,1,0,0,20
4143,1431,1,1,1,49
4144,1432,0,0,0,22
4145,1432,0,1,1,89
4146,1432,1,0,0,0
4147,1432,1,1,0,1
4148,1433,0,0,0,20
4149,1433,0,1,1,111
4150,1433,1,0,0,0
4151,1433,1,1,0,12
4152,1434,0,0,0,0
4153,1434,0,1,1,58
4154,1434,1,0,0,2
4155,1434,1,1,0,0
4156,1435,0,0,0,0
4157,1435,0,1,0,16
4158,1435,1,0,0,0
4159,1435,1,1,0,0
4160,1436,0,0,0,40
4161,1436,0,1,0,10
4162,1436,1,0,0,1
4163,1436,1,1,0,1
4164,1437,0,0,0,32
4165,1437,0,1,0,9
4166,1437,1,0,0,0
4167,1437,1,1,0,0
4168,1438,0,0,0,3
4169,1438,0,1,0,0
4170,1438,1,0,0,0
4171,1438,1,1,0,0
4172,1439,0,0,0,17
4173,1439,0,1,0,0
4174,1439,1,0,0,17
4175,1439,1,1,0,1
4176,1440,0,0,0,11
4177,1440,0,1,1,41
4178,1440,1,0,1,71
4179,1440,1,1,0,3
4180,1441,0,0,1,224
4181,1441,0,1,1,58
4182,1441,1,0,0,4
4183,1441,1,1,0,1
4184,1442,0,0,1,111
4185,1442,0,1,0,13
4186,1442,1,0,0,0
4187,1442,1,1,1,302
4188,1443,0,0,0,3
4189,1443,0,1,0,25
4190,1443,1,0,0,0
4191,1443,1,1,1,639
4192,1444,0,0,0,0
4193,1444,0,1,0,17
4194,1444,1,0,0,3
4195,1444,1,1,1,616
4196,1445,0,0,0,0
4197,1445,0,1,0,12
4198,1445,1,0,0,0
4199,1445,1,1,1,217
4200,1446,0,0,1,76
4201,1446,0,1,0,1
4202,1446,1,0,0,25
4203,1446,1,1,1,252
4204,1447,0,0,1,208
4205,1447,0,1,0,0
4206,1447,1,0,1,57
4207,1447,1,1,1,59
4208,1448,0,0,1,108
4209,1448,0,1,0,4
4210,1448,1,0,0,12
4211,1448,1,1,0,0
4212,1449,0,0,1,47
4213,1449,0,1,1,78
4214,1449,1,0,0,0
4215,1449,1,1,0,2
4216,1450,0,0,1,60
4217,1450,0,1,1,96
4218,1450,1,0,0,23
4219,1450,1,1,0,1
4220,1451,0,0,1,97
4221,1451,0,1,1,91
4222,1451,1,0,0,36
4223,1451,1,1,1,97
4224,1452,0,0,1,45
4225,1452,0,1,0,19
4226,1452,1,0,0,1
4227,1452,1,1,0,0
4228,1453,0,0,0,0
4229,1453,0,1,1,83
4230,1453,1,0,0,0
4231,1453,1,1,0,23
4232,1454,0,0,0,2
4233,1454,0,1,0,21
4234,1454,1,0,0,24
4235,1454,1,1,0,5
4236,1455,0,0,0,10
4237,1455,0,1,0,0
4238,1455,1,0,1,843
4239,1455,1,1,0,28
4240,1456,0,0,1,166
4241,1456,0,1,0,16
4242,1456,1,0,1,898
4243,1456,1,1,0,7
4244,1457,0,0,1,220
4245,1457,0,1,1,95
4246,1457,1,0,1,808
4247,1457,1,1,0,0
4248,1458,0,0,1,285
4249,1458,0,1,1,280
4250,1458,1,0,1,669
4251,1458,1,1,0,6
4252,1459,0,0,1,147
4253,1459,0,1,1,366
4254,1459,1,0,1,185
4255,1459,1,1,0,5
4256,1460,0,0,0,10
4257,1460,0,1,1,308
4258,1460,1,0,1,55
4259,1460,1,1,0,4
4260,1461,0,0,0,0
4261,1461,0,1,1,53
4262,1461,1,0,0,31
4263,1461,1,1,0,2
4264,1462,0,0,1,137
4265,1462,0,1,1,58
4266,1462,1,0,0,18
4267,1462,1,1,0,4
4268,1463,0,0,1,154
4269,1463,0,1,1,49
4270,1463,1,0,0,1
4271,1463,1,1,0,0
4272,1464,0,0,0,4
4273,1464,0,1,0,0
4274,1464,1,0,0,4
4275,1464,1,1,0,0
4276,1465,0,0,0,0
4277,1465,0,1,0,7
4278,1465,1,0,1,63
4279,1465,1,1,0,23
4280,1466,0,0,1,152
4281,1466,0,1,0,0
4282,1466,1,0,1,78
4283,1466,1,1,0,9
4284,1467,0,0,0,0
4285,1467,0,1,0,3
4286,1467,1,0,1,80
4287,1467,1,1,0,0
4288,1468,0,0,0,0
4289,1468,0,1,0,35
4290,1468,1,0,1,83
4291,1468,1,1,0,29
4292,1469,0,0,0,2
4293,1469,0,1,1,62
4294,1469,1,0,1,173
4295,1469,1,1,0,1
4296,1470,0,0,0,0
4297,1470,0,1,0,15
4298,1470,1,0,1,82
4299,1470,1,1,0,3
4300,1471,0,0,0,1
4301,1471,0,1,0,0
4302,1471,1,0,1,107
4303,1471,1,1,0,16
4304,1472,0,0,0,2
4305,1472,0,1,0,2
4306,1472,1,0,0,1
4307,1472,1,1,0,18
4308,1473,0,0,0,0
4309,1473,0,1,0,0
4310,1473,1,0,0,0
4311,1473,1,1,0,7
4312,1474,0,0,0,0
4313,1474,0,1,0,37
4314,1474,1,0,0,3
4315,1474,1,1,0,1
4316,1475,0,0,0,12
4317,1475,0,1,1,103
4318,1475,1,0,0,2
4319,1475,1,1,0,11
4320,1476,0,0,0,0
4321,1476,0,1,1,443
4322,1476,1,0,0,6
4323,1476,1,1,0,0
4324,1477,0,0,0,1
4325,1477,0,1,1,394
4326,1477,1,0,0,3
4327,1477,1,1,0,0
4328,1478,0,0,1,127
4329,1478,0,1,1,66
4330,1478,1,0,0,0
4331,1478,1,1,0,0
4332,1479,0,0,1,103
4333,1479,0,1,1,62
4334,1479,1,0,0,15
4335,1479,1,1,0,34
4336,1480,0,0,1,261
4337,1480,0,1,1,140
4338,1480,1,0,0,11
4339,1480,1,1,1,41
4340,1481,0,0,1,219
4341,1481,0,1,0,22
4342,1481,1,0,0,0
4343,1481,1,1,0,0
4344,1482,0,0,1,86
4345,1482,0,1,0,0
4346,1482,1,0,0,4
4347,1482,1,1,0,0
4348,1483,0,0,1,43
4349,1483,0,1,0,2
4350,1483,1,0,0,13
4351,1483,1,1,0,19
4352,1484,0,0,0,31
4353,1484,0,1,0,4
4354,1484,1,0,0,0
4355,1484,1,1,0,0
4356,1485,0,0,0,1
4357,1485,0,1,0,5
4358,1485,1,0,0,0
4359,1485,1,1,0,0
4360,1486,0,0,0,0
4361,1486,0,1,0,16
4362,1486,1,0,0,0
4363,1486,1,1,0,1
4364,1487,0,0,0,11
4365,1487,0,1,1,112
4366,1487,1,0,0,2
4367,1487,1,1,0,28
4368,1488,0,0,0,7
4369,1488,0,1,0,15
4370,1488,1,0,1,49
4371,1488,1,1,0,0
4372,1489,0,0,0,32
4373,1489,0,1,0,0
4374,1489,1,0,1,123
4375,1489,1,1,0,19
4376,1490,0,0,1,127
4377,1490,0,1,0,1
4378,1490,1,0,0,1
4379,1490,1,1,0,0
4380,1491,0,0,0,36
4381,1491,0,1,0,0
4382,1491,1,0,0,2
4383,1491,1,1,0,17
4384,1492,0,0,1,158
4385,1492,0,1,1,181
4386,1492,1,0,0,1
4387,1492,1,1,0,9
4388,1493,0,0,1,123
4389,1493,0,1,1,47
4390,1493,1,0,0,0
4391,1493,1,1,0,0
4392,1494,0,0,1,128
4393,1494,0,1,0,14
4394,1494,1,0,1,113
4395,1494,1,1,0,0
4396,1495,0,0,1,94
4397,1495,0,1,1,353
4398,1495,1,0,1,267
4399,1495,1,1,1,87
4400,1496,0,0,0,19
4401,1496,0,1,1,425
4402,1496,1,0,1,173
4403,1496,1,1,1,61
4404,1497,0,0,1,58
4405,1497,0,1,1,285
4406,1497,1,0,1,98
4407,1497,1,1,0,4
4408,1498,0,0,0,23
4409,1498,0,1,1,98
4410,1498,1,0,0,19
4411,1498,1,1,0,0
4412,1499,0,0,0,27
4413,1499,0,1,0,7
4414,1499,1,0,0,6
4415,1499,1,1,0,0
4416,1500,0,0,0,0
4417,1500,0,1,0,7
4418,1500,1,0,0,0
4419,1500,1,1,0,0
4420,1501,0,0,0,0
4421,1501,0,1,0,22
4422,1501,1,0,0,0
4423,1501,1,1,1,54
4424,1502,0,0,0,14
4425,1502,0,1,1,53
4426,1502,1,0,0,0
4427,1502,1,1,0,7
4428,1503,0,0,0,23
4429,1503,0,1,0,0
4430,1503,1,0,1,46
4431,1503,1,1,0,0
4432,1504,0,0,0,3
4433,1504,0,1,0,0
4434,1504,1,0,0,3
4435,1504,1,1,0,0
4436,1505,0,0,0,0
4437,1505,0,1,0,0
4438,1505,1,0,0,0
4439,1505,1,1,0,1
4440,1506,0,0,0,0
4441,1506,0,1,0,10
4442,1506,1,0,0,0
4443,1506,1,1,0,0
4444,1507,0,0,0,2
4445,1507,0,1,1,84
4446,1507,1,0,0,1
4447,1507,1,1,0,0
4448,1508,0,0,0,18
4449,1508,0,1,1,362
4450,1508,1,0,0,0
4451,1508,1,1,0,0
4452,1509,0,0,0,0
4453,1509,0,1,1,276
4454,1509,1,0,0,0
4455,1509,1,1,1,45
4456,1510,0,0,0,9
4457,1510,0,1,0,36
4458,1510,1,0,0,10
4459,1510,1,1,1,226
4460,1511,0,0,0,0
4461,1511,0,1,0,2
4462,1511,1,0,0,1
4463,1511,1,1,1,69
4464,1512,0,0,0,0
4465,1512,0,1,0,8
4466,1512,1,0,0,38
4467,1512,1,1,0,1
4468,1513,0,0,0,1
4469,1513,0,1,0,10
4470,1513,1,0,1,63
4471,1513,1,1,0,0
4472,1514,0,0,0,22
4473,1514,0,1,0,0
4474,1514,1,0,0,0
4475,1514,1,1,0,0
4476,1515,0,0,0,22
4477,1515,0,1,0,0
4478,1515,1,0,0,2
4479,1515,1,1,0,2
4480,1516,0,0,0,11
4481,1516,0,1,0,3
4482,1516,1,0,1,88
4483,1516,1,1,0,36
4484,1517,0,0,1,122
4485,1517,0,1,0,9
4486,1517,1,0,1,114
4487,1517,1,1,0,6
4488,1518,0,0,1,242
4489,1518,0,1,0,5
4490,1518,1,0,1,80
4491,1518,1,1,0,11
4492,1519,0,0,1,412
4493,1519,0,1,0,35
4494,1519,1,0,1,143
4495,1519,1,1,0,4
4496,1520,0,0,1,305
4497,1520,0,1,1,416
4498,1520,1,0,1,328
4499,1520,1,1,0,0
4500,1521,0,0,1,115
4501,1521,0,1,1,355
4502,1521,1,0,1,161
4503,1521,1,1,0,0
4504,1522,0,0,0,7
4505,1522,0,1,1,77
4506,1522,1,0,0,40
4507,1522,1,1,0,17
4508,1523,0,0,0,11
4509,1523,0,1,1,55
4510,1523,1,0,0,1
4511,1523,1,1,1,52
4512,1524,0,0,0,3
4513,1524,0,1,1,49
4514,1524,1,0,0,1
4515,1524,1,1,1,177
4516,1525,0,0,0,8
4517,1525,0,1,1,56
4518,1525,1,0,0,22
4519,1525,1,1,1,355
4520,1526,0,0,1,58
4521,1526,0,1,1,169
4522,1526,1,0,0,1
4523,1526,1,1,1,255
4524,1527,0,0,1,122
4525,1527,0,1,0,19
4526,1527,1,0,0,3
4527,1527,1,1,1,51
4528,1528,0,0,1,263
4529,1528,0,1,0,20
4530,1528,1,0,0,6
4531,1528,1,1,0,4
4532,1529,0,0,1,184
4533,1529,0,1,0,20
4534,1529,1,0,0,3
4535,1529,1,1,0,2
4536,1530,0,0,1,52
4537,1530,0,1,0,39
4538,1530,1,0,0,1
4539,1530,1,1,0,2
4540,1531,0,0,0,0
4541,1531,0,1,0,19
4542,1531,1,0,0,0
4543,1531,1,1,0,0
4544,1532,0,0,0,1
4545,1532,0,1,1,53
4546,1532,1,0,1,49
4547,1532,1,1,0,0
4548,1533,0,0,1,81
4549,1533,0,1,0,5
4550,1533,1,0,1,214
4551,1533,1,1,0,3
4552,1534,0,0,0,5
4553,1534,0,1,1,61
4554,1534,1,0,1,178
4555,1534,1,1,0,0
4556,1535,0,0,0,0
4557,1535,0,1,0,15
4558,1535,1,0,1,112
4559,1535,1,1,0,4
4560,1536,0,0,0,3
4561,1536,0,1,0,0
4562,1536,1,0,0,31
4563,1536,1,1,0,0
4564,1537,0,0,0,1
4565,1537,0,1,0,0
4566,1537,1,0,0,1
4567,1537,1,1,0,15
4568,1538,0,0,0,0
4569,1538,0,1,0,1
4570,1538,1,0,0,23
4571,1538,1,1,0,5
4572,1539,0,0,0,28
4573,1539,0,1,0,6
4574,1539,1,0,1,192
4575,1539,1,1,0,30
4576,1540,0,0,0,0
4577,1540,0,1,0,3
4578,1540,1,0,1,117
4579,1540,1,1,1,246
4580,1541,0,0,0,6
4581,1541,0,1,0,4
4582,1541,1,0,1,58
4583,1541,1,1,1,181
4584,1542,0,0,0,0
4585,1542,0,1,0,0
4586,1542,1,0,1,143
4587,1542,1,1,1,324
4588,1543,0,0,0,6
4589,1543,0,1,1,64
4590,1543,1,0,0,29
4591,1543,1,1,1,400
4592,1544,0,0,0,22
4593,1544,0,1,0,31
4594,1544,1,0,0,0
4595,1544,1,1,1,188
4596,1545,0,0,1,75
4597,1545,0,1,0,11
4598,1545,1,0,0,3
4599,1545,1,1,0,34
4600,1546,0,0,0,37
4601,1546,0,1,0,7
4602,1546,1,0,0,13
4603,1546,1,1,0,10
4604,1547,0,0,0,40
4605,1547,0,1,0,1
4606,1547,1,0,0,1
4607,1547,1,1,0,4
4608,1548,0,0,0,0
4609,1548,0,1,0,38
4610,1548,1,0,0,10
4611,1548,1,1,0,1
4612,1549,0,0,0,1
4613,1549,0,1,1,262
4614,1549,1,0,0,4
4615,1549,1,1,0,5
4616,1550,0,0,0,6
4617,1550,0,1,1,383
4618,1550,1,0,0,1
4619,1550,1,1,0,0
